feature,family,paired_d,frac_fake_higher,abs_d
rich_latent_accel_middle,rich_latent_geometry,-0.7763100088089833,0.21666666666666667,0.7763100088089833
rich_latent_accel_auc,rich_latent_geometry,-0.7755138197090022,0.2,0.7755138197090022
rich_score_relchange_t4,rich_score_dynamics,0.7541071450039716,0.8333333333333334,0.7541071450039716
rich_score_relchange_late,rich_score_dynamics,0.7541071450039716,0.8333333333333334,0.7541071450039716
rich_score_relchange_min,rich_score_dynamics,0.7541071450039716,0.8333333333333334,0.7541071450039716
rich_latent_accel_t2,rich_latent_geometry,-0.7512331893116405,0.18333333333333332,0.7512331893116405
rich_score_secondchange_mean,rich_score_dynamics,-0.7247151871955504,0.18333333333333332,0.7247151871955504
rich_score_secondchange_auc,rich_score_dynamics,-0.7216138167139898,0.2,0.7216138167139898
rich_score_secondchange_middle,rich_score_dynamics,-0.702637825732377,0.25,0.702637825732377
rich_score_secondchange_t2,rich_score_dynamics,-0.702637825732377,0.25,0.702637825732377
rich_latent_accel_mean,rich_latent_geometry,-0.6875780327354952,0.26666666666666666,0.6875780327354952
rich_latent_accel_t1,rich_latent_geometry,-0.6658337191955482,0.21666666666666667,0.6658337191955482
rich_score_secondchange_early,rich_score_dynamics,-0.6406338805103011,0.21666666666666667,0.6406338805103011
rich_score_secondchange_t1,rich_score_dynamics,-0.6403149656503021,0.2,0.6403149656503021
rich_latent_accel_early,rich_latent_geometry,-0.6251310956380942,0.25,0.6251310956380942
rich_score_change_middle,rich_score_dynamics,-0.6140375800453625,0.2833333333333333,0.6140375800453625
rich_latent_t2_pr,rich_latent_typicality,-0.6046417260946646,0.2833333333333333,0.6046417260946646
rich_score_consecutive_cos_middle,rich_score_dynamics,0.5981278024370448,0.7333333333333333,0.5981278024370448
rich_latent_t1_pr,rich_latent_typicality,-0.5971315644291453,0.26666666666666666,0.5971315644291453
rich_latent_t0_pr,rich_latent_typicality,-0.5969038656653916,0.26666666666666666,0.5969038656653916
rich_latent_accel_t3,rich_latent_geometry,-0.5930393685723652,0.23333333333333334,0.5930393685723652
rich_score_angle_middle,rich_score_dynamics,-0.5916696006050643,0.2833333333333333,0.5916696006050643
rich_score_consecutive_cos_t4,rich_score_dynamics,-0.5785639200564575,0.3333333333333333,0.5785639200564575
rich_score_crosscos_4_5,rich_crosstime,-0.5785639200564575,0.3333333333333333,0.5785639200564575
rich_score_consecutive_cos_late,rich_score_dynamics,-0.5785639200564575,0.3333333333333333,0.5785639200564575
rich_score_consecutive_cos_max,rich_score_dynamics,-0.5747262137687116,0.3333333333333333,0.5747262137687116
rich_score_change_auc,rich_score_dynamics,-0.5628348892249599,0.26666666666666666,0.5628348892249599
rich_latent_t3_pr,rich_latent_typicality,-0.5588702638973613,0.31666666666666665,0.5588702638973613
rich_latent_t5_q75,rich_latent_typicality,-0.5440655852129117,0.3,0.5440655852129117
rich_score_consecutive_cos_auc,rich_score_dynamics,0.5400016529566666,0.7833333333333333,0.5400016529566666
rich_score_change_t3,rich_score_dynamics,-0.538392086396295,0.2833333333333333,0.538392086396295
rich_score_change_late,rich_score_dynamics,0.5370247564019083,0.7,0.5370247564019083
rich_score_change_t4,rich_score_dynamics,0.5370247564019083,0.7,0.5370247564019083
rich_score_change_min,rich_score_dynamics,0.5332246622992476,0.7,0.5332246622992476
rich_score_angle_auc,rich_score_dynamics,-0.5309951925934142,0.25,0.5309951925934142
rich_score_change_mean,rich_score_dynamics,-0.5252390207354004,0.3333333333333333,0.5252390207354004
rich_score_angle_late,rich_score_dynamics,0.5217042405342366,0.6666666666666666,0.5217042405342366
rich_score_angle_t4,rich_score_dynamics,0.5217042405342366,0.6666666666666666,0.5217042405342366
rich_score_change_early,rich_score_dynamics,-0.5195450632414472,0.31666666666666665,0.5195450632414472
rich_score_angle_min,rich_score_dynamics,0.5184023398347123,0.6666666666666666,0.5184023398347123
rich_latent_t4_q75,rich_latent_typicality,-0.5153678749930138,0.3333333333333333,0.5153678749930138
rich_latent_turn_angle_early,rich_latent_geometry,-0.5052064790089816,0.26666666666666666,0.5052064790089816
rich_score_crosscos_2_3,rich_crosstime,0.49695066861456844,0.75,0.49695066861456844
rich_score_consecutive_cos_t2,rich_score_dynamics,0.49695066861456844,0.75,0.49695066861456844
rich_score_angle_t2,rich_score_dynamics,-0.4910369504504337,0.25,0.4910369504504337
rich_score_change_t2,rich_score_dynamics,-0.4892400694786298,0.25,0.4892400694786298
rich_latent_turn_cos_early,rich_latent_geometry,0.48652073106459126,0.7666666666666667,0.48652073106459126
rich_score_t4_q05,rich_score_moments,0.48520780747312164,0.6666666666666666,0.48520780747312164
rich_latent_t3_kurtosis,rich_latent_typicality,0.4846969339955192,0.6833333333333333,0.4846969339955192
rich_cond_dz_orthfrac_std,rich_alignment,0.4821418714255288,0.75,0.4821418714255288
rich_latent_accel_slope,rich_latent_geometry,0.47821485518355583,0.7,0.47821485518355583
rich_score_cumulative_angle,rich_score_dynamics,-0.4773777295993779,0.2833333333333333,0.4773777295993779
rich_score_angle_mean,rich_score_dynamics,-0.4773777295843919,0.2833333333333333,0.4773777295843919
rich_cond_dz_orthfrac_slope,rich_alignment,0.4767508344757089,0.6666666666666666,0.4767508344757089
rich_latent_turn_angle_t1,rich_latent_geometry,-0.4759482798503268,0.31666666666666665,0.4759482798503268
rich_latent_turn_cos_t1,rich_latent_geometry,0.47562607214501096,0.6833333333333333,0.47562607214501096
rich_dz_crosscos_1_2,rich_crosstime,0.47562607214501096,0.6833333333333333,0.47562607214501096
rich_score_change_slope,rich_score_dynamics,0.4710007232371131,0.6666666666666666,0.4710007232371131
rich_latent_t2_kurtosis,rich_latent_typicality,0.4691541828266464,0.75,0.4691541828266464
rich_score_consecutive_cos_mean,rich_score_dynamics,0.46592187969537074,0.75,0.46592187969537074
rich_score_t0_maxabs,rich_score_moments,0.4619142086589532,0.6833333333333333,0.4619142086589532
rich_score_crosscos_3_4,rich_crosstime,0.46048208538445723,0.6166666666666667,0.46048208538445723
rich_score_consecutive_cos_t3,rich_score_dynamics,0.46048208538445723,0.6166666666666667,0.46048208538445723
rich_score_change_t1,rich_score_dynamics,-0.4593294986254221,0.2833333333333333,0.4593294986254221
eps_t4,legacy_noise,-0.4572885740859974,0.31666666666666665,0.4572885740859974
rich_score_norm_t4,rich_score_dynamics,-0.4572884882511957,0.31666666666666665,0.4572884882511957
rich_score_t4_rms,rich_score_moments,-0.4572884882511957,0.31666666666666665,0.4572884882511957
rich_score_consecutive_cos_t1,rich_score_dynamics,0.4555087650420686,0.7166666666666667,0.4555087650420686
rich_score_crosscos_1_2,rich_crosstime,0.4555087650420686,0.7166666666666667,0.4555087650420686
rich_score_t4_var,rich_score_moments,-0.45300550275530416,0.31666666666666665,0.45300550275530416
rich_score_angle_early,rich_score_dynamics,-0.452756664274285,0.25,0.452756664274285
rich_score_t2_fft_mid,rich_score_fft,0.4510424858141505,0.7333333333333333,0.4510424858141505
rich_latent_turn_cos_middle,rich_latent_geometry,0.4494683077549653,0.7333333333333333,0.4494683077549653
rich_score_secondchange_t0,rich_score_dynamics,-0.44846622870209374,0.3333333333333333,0.44846622870209374
rich_score_secondchange_max,rich_score_dynamics,-0.44846622870209374,0.3333333333333333,0.44846622870209374
rich_score_t2_fft_high,rich_score_fft,-0.44825308128674896,0.3,0.44825308128674896
rich_score_angle_t1,rich_score_dynamics,-0.4453221730237263,0.2833333333333333,0.4453221730237263
rich_latent_t4_absmean,rich_latent_typicality,-0.4429992270219851,0.2833333333333333,0.4429992270219851
rich_latent_t5_q95,rich_latent_typicality,-0.44193960006270083,0.31666666666666665,0.44193960006270083
rich_latent_t4_pr,rich_latent_typicality,-0.43815617580876254,0.35,0.43815617580876254
rich_score_norm_auc,rich_score_dynamics,-0.4377020121297113,0.31666666666666665,0.4377020121297113
eps_auc,legacy_noise,-0.43770199468020693,0.31666666666666665,0.43770199468020693
rich_latent_accel_max,rich_latent_geometry,-0.436229568510072,0.2833333333333333,0.436229568510072
rich_latent_accel_t0,rich_latent_geometry,-0.436229568510072,0.2833333333333333,0.436229568510072
rich_latent_turn_cos_t2,rich_latent_geometry,0.4355872229384789,0.6666666666666666,0.4355872229384789
rich_dz_crosscos_2_3,rich_crosstime,0.4355872229384789,0.6666666666666666,0.4355872229384789
rich_latent_step_std,rich_latent_geometry,-0.43477207334760576,0.31666666666666665,0.43477207334760576
rich_score_t3_q05,rich_score_moments,0.432066575887568,0.6666666666666666,0.432066575887568
rich_latent_step_t1,rich_latent_geometry,-0.431573087254864,0.2833333333333333,0.431573087254864
speed_max,legacy_geometry,-0.431573087254864,0.2833333333333333,0.431573087254864
rich_latent_step_max,rich_latent_geometry,-0.431573087254864,0.2833333333333333,0.431573087254864
rich_score_angle_slope,rich_score_dynamics,0.43139750375791025,0.6666666666666666,0.43139750375791025
rich_latent_t4_kurtosis,rich_latent_typicality,0.4312860532004848,0.6666666666666666,0.4312860532004848
rich_score_angle_t3,rich_score_dynamics,-0.43088962878367665,0.38333333333333336,0.43088962878367665
eps_t3,legacy_noise,-0.4295979806825254,0.31666666666666665,0.4295979806825254
rich_score_t3_rms,rich_score_moments,-0.42959792325179164,0.31666666666666665,0.42959792325179164
rich_score_norm_t3,rich_score_dynamics,-0.42959792325179164,0.31666666666666665,0.42959792325179164
rich_score_norm_middle,rich_score_dynamics,-0.428798288924127,0.31666666666666665,0.428798288924127
eps_median,legacy_noise,-0.42879821956207503,0.31666666666666665,0.42879821956207503
eps_middle,legacy_noise,-0.42879821956207503,0.31666666666666665,0.42879821956207503
rich_score_t4_absmean,rich_score_moments,-0.4277746091146364,0.3,0.4277746091146364
rich_score_t0_var,rich_score_moments,0.42754637444024907,0.7,0.42754637444024907
eps_late,legacy_noise,-0.4268223133863629,0.3,0.4268223133863629
rich_score_norm_late,rich_score_dynamics,-0.4268222653623853,0.3,0.4268222653623853
rich_score_norm_mean,rich_score_dynamics,-0.42678056913327717,0.3,0.42678056913327717
eps_mean,legacy_noise,-0.42678054949894084,0.3,0.42678054949894084
rich_latent_turn_angle_t2,rich_latent_geometry,-0.4257646571660193,0.3333333333333333,0.4257646571660193
rich_score_t3_fft_high,rich_score_fft,-0.4239063553567607,0.3,0.4239063553567607
rich_score_t3_var,rich_score_moments,-0.42219269917112245,0.31666666666666665,0.42219269917112245
rich_score_t2_q05,rich_score_moments,0.42176154703773927,0.65,0.42176154703773927
rich_latent_t1_kurtosis,rich_latent_typicality,0.419523296643269,0.75,0.419523296643269
rich_latent_t0_kurtosis,rich_latent_typicality,0.4190667728442776,0.75,0.4190667728442776
rich_score_t4_q95,rich_score_moments,-0.4189246833287979,0.31666666666666665,0.4189246833287979
rich_latent_step_early,rich_latent_geometry,-0.4184427145430038,0.2833333333333333,0.4184427145430038
rich_latent_t3_absmean,rich_latent_typicality,-0.41714214759060186,0.36666666666666664,0.41714214759060186
eps_std,legacy_noise,-0.41332287041670873,0.31666666666666665,0.41332287041670873
rich_score_norm_std,rich_score_dynamics,-0.41332284077746245,0.31666666666666665,0.41332284077746245
rich_score_t0_nearzero,rich_score_moments,-0.4131507035017032,0.38333333333333336,0.4131507035017032
rich_score_crosscos_2_4,rich_crosstime,0.41084200270558296,0.6833333333333333,0.41084200270558296
eps_first_last,legacy_noise,-0.4101150281939498,0.31666666666666665,0.4101150281939498
rich_latent_turn_angle_middle,rich_latent_geometry,-0.40986314909823496,0.26666666666666666,0.40986314909823496
rich_score_t2_rms,rich_score_moments,-0.4092164638220521,0.2833333333333333,0.4092164638220521
rich_score_norm_t2,rich_score_dynamics,-0.4092164638220521,0.2833333333333333,0.4092164638220521
eps_t2,legacy_noise,-0.4092161799322942,0.2833333333333333,0.4092161799322942
rich_latent_t5_absmean,rich_latent_typicality,-0.40903423963657454,0.2833333333333333,0.40903423963657454
rich_score_t5_fft_mid,rich_score_fft,0.4086386801025099,0.6666666666666666,0.4086386801025099
rich_score_secondchange_min,rich_score_dynamics,-0.40721064962708486,0.36666666666666664,0.40721064962708486
rich_score_t5_q05,rich_score_moments,0.4070931529564703,0.6333333333333333,0.4070931529564703
rich_guidance_dz_align_middle,rich_alignment,-0.4058043677091952,0.31666666666666665,0.4058043677091952
rich_score_secondchange_t3,rich_score_dynamics,-0.4050803745570565,0.36666666666666664,0.4050803745570565
rich_score_secondchange_late,rich_score_dynamics,-0.4050803745570565,0.36666666666666664,0.4050803745570565
rich_cond_dz_orthfrac_t0,rich_alignment,-0.4050314714486912,0.3,0.4050314714486912
rich_cond_dz_orthfrac_min,rich_alignment,-0.4050314714486912,0.3,0.4050314714486912
eps_slope,legacy_noise,-0.4046643059230396,0.35,0.4046643059230396
rich_score_norm_slope,rich_score_dynamics,-0.4046642646737741,0.35,0.4046642646737741
eps_t0,legacy_noise,0.4045426978394922,0.7,0.4045426978394922
eps_min,legacy_noise,0.4045426978394922,0.7,0.4045426978394922
rich_score_t0_rms,rich_score_moments,0.40454268366153506,0.7,0.40454268366153506
rich_score_norm_min,rich_score_dynamics,0.40454268366153506,0.7,0.40454268366153506
rich_score_norm_t0,rich_score_dynamics,0.40454268366153506,0.7,0.40454268366153506
rich_latent_t5_rms,rich_latent_typicality,-0.4023158110101296,0.3333333333333333,0.4023158110101296
rich_latent_t4_rms,rich_latent_typicality,-0.40199421357295206,0.3,0.40199421357295206
rich_latent_t4_q95,rich_latent_typicality,-0.40152311309061856,0.36666666666666664,0.40152311309061856
rich_score_t3_absmean,rich_score_moments,-0.40065968726545015,0.35,0.40065968726545015
rich_score_t2_var,rich_score_moments,-0.4003686564818713,0.2833333333333333,0.4003686564818713
rich_latent_t3_q95,rich_latent_typicality,-0.3998290233099507,0.3333333333333333,0.3998290233099507
rich_latent_step_t0,rich_latent_geometry,0.3988153698515999,0.7,0.3988153698515999
rich_latent_step_min,rich_latent_geometry,0.3988153698515999,0.7,0.3988153698515999
rich_guidance_dz_align_t3,rich_alignment,-0.39857220206497657,0.31666666666666665,0.39857220206497657
rich_latent_t3_q75,rich_latent_typicality,-0.3956376737732527,0.3,0.3956376737732527
rich_score_t3_q95,rich_score_moments,-0.39312816748381907,0.35,0.39312816748381907
eps_max,legacy_noise,-0.3928819079991192,0.2833333333333333,0.3928819079991192
eps_t5,legacy_noise,-0.3928819079991192,0.2833333333333333,0.3928819079991192
rich_score_norm_max,rich_score_dynamics,-0.3928818944832858,0.2833333333333333,0.3928818944832858
rich_score_t5_rms,rich_score_moments,-0.3928818944832858,0.2833333333333333,0.3928818944832858
rich_score_norm_t5,rich_score_dynamics,-0.3928818944832858,0.2833333333333333,0.3928818944832858
guidance_middle,legacy_guidance,-0.39245626033094455,0.3,0.39245626033094455
rich_score_t5_fft_high,rich_score_fft,-0.391077018405192,0.3333333333333333,0.391077018405192
rich_score_t5_var,rich_score_moments,-0.39062318605210583,0.2833333333333333,0.39062318605210583
rich_score_t3_fft_mid,rich_score_fft,0.39022235794703347,0.7,0.39022235794703347
rich_latent_turn_cos_auc,rich_latent_geometry,0.39021220827504294,0.6166666666666667,0.39021220827504294
rich_score_consecutive_cos_early,rich_score_dynamics,0.38815613752356726,0.75,0.38815613752356726
rich_score_t0_absmean,rich_score_moments,0.3879595810518939,0.6666666666666666,0.3879595810518939
rich_dz_crosscos_1_3,rich_crosstime,0.3859392150640887,0.7,0.3859392150640887
rich_latent_t5_var,rich_latent_typicality,-0.3852046313667525,0.31666666666666665,0.3852046313667525
eps_t1,legacy_noise,-0.3844317485678034,0.31666666666666665,0.3844317485678034
rich_score_norm_t1,rich_score_dynamics,-0.38443168219995155,0.31666666666666665,0.38443168219995155
rich_score_t1_rms,rich_score_moments,-0.38443168219995155,0.31666666666666665,0.38443168219995155
rich_score_t0_q25,rich_score_moments,-0.3834606105166476,0.38333333333333336,0.3834606105166476
rich_dz_crosscos_0_3,rich_crosstime,0.38187473583569553,0.6666666666666666,0.38187473583569553
rich_latent_turn_cos_t3,rich_latent_geometry,0.3814844664817131,0.6333333333333333,0.3814844664817131
rich_dz_crosscos_3_4,rich_crosstime,0.3814844664817131,0.6333333333333333,0.3814844664817131
rich_score_t0_q95,rich_score_moments,0.3809212082712649,0.6833333333333333,0.3809212082712649
rich_score_t2_absmean,rich_score_moments,-0.37974468379127035,0.3,0.37974468379127035
rich_score_t4_q75,rich_score_moments,-0.3790108002003356,0.2833333333333333,0.3790108002003356
rich_cond_dz_align_max,rich_alignment,0.3784495314168809,0.7,0.3784495314168809
rich_cond_dz_align_t0,rich_alignment,0.3784495314168809,0.7,0.3784495314168809
rich_latent_turn_angle_t4,rich_latent_geometry,0.37768893402324655,0.65,0.37768893402324655
rich_latent_turn_angle_late,rich_latent_geometry,0.37768893402324655,0.65,0.37768893402324655
endpoint_norm_per_dim,endpoint,-0.37640423582011306,0.3333333333333333,0.37640423582011306
rich_cond_uncond_cos_middle,rich_alignment,0.3749542651973435,0.6833333333333333,0.3749542651973435
rich_score_relchange_slope,rich_score_dynamics,0.3731507080762454,0.7,0.3731507080762454
rich_score_t2_fft_centroid,rich_score_fft,-0.37302615968786534,0.3333333333333333,0.37302615968786534
rich_score_t0_q05,rich_score_moments,-0.3713584692676691,0.3,0.3713584692676691
rich_score_t5_q95,rich_score_moments,-0.3706420486178844,0.35,0.3706420486178844
endpoint_var,endpoint,-0.3699160124817962,0.31666666666666665,0.3699160124817962
rich_guidance_t5_q75,rich_guidance_moments,0.3695807216008291,0.6333333333333333,0.3695807216008291
rich_score_t5_absmean,rich_score_moments,-0.36913935256265046,0.31666666666666665,0.36913935256265046
rich_score_relchange_t0,rich_score_dynamics,-0.3652850824226962,0.3,0.3652850824226962
rich_score_t1_var,rich_score_moments,-0.3648535301728648,0.31666666666666665,0.3648535301728648
eps_late_early,legacy_noise,-0.36452018222246346,0.3333333333333333,0.36452018222246346
rich_score_relchange_max,rich_score_dynamics,-0.36379677602424854,0.3,0.36379677602424854
rich_score_relchange_early,rich_score_dynamics,-0.36368300956356653,0.3,0.36368300956356653
rich_latent_t4_var,rich_latent_typicality,-0.36355095680442395,0.31666666666666665,0.36355095680442395
rich_score_t1_q25,rich_score_moments,0.3630726329514031,0.6833333333333333,0.3630726329514031
rich_dz_crosscos_0_4,rich_crosstime,0.36209998969075075,0.7,0.36209998969075075
rich_score_t1_absmean,rich_score_moments,-0.36193948671382037,0.35,0.36193948671382037
rich_score_relchange_std,rich_score_dynamics,-0.3608225232537526,0.3,0.3608225232537526
rich_score_t0_q75,rich_score_moments,0.3600748104235914,0.65,0.3600748104235914
rich_guidance_t5_maxabs,rich_guidance_moments,0.3593876503499946,0.6666666666666666,0.3593876503499946
rich_score_crosscos_1_3,rich_crosstime,0.35894592071535547,0.6333333333333333,0.35894592071535547
rich_score_t3_fft_centroid,rich_score_fft,-0.3573382648153076,0.4,0.3573382648153076
rich_dz_crosscos_0_5,rich_crosstime,0.35584250699876835,0.6666666666666666,0.35584250699876835
rich_score_t1_q05,rich_score_moments,0.35583747311710007,0.6333333333333333,0.35583747311710007
rich_score_relchange_mean,rich_score_dynamics,-0.3551752665228551,0.3,0.3551752665228551
rich_score_t2_q95,rich_score_moments,-0.35470862244795415,0.36666666666666664,0.35470862244795415
rich_latent_step_t2,rich_latent_geometry,-0.3545554826380596,0.43333333333333335,0.3545554826380596
rich_latent_turn_cos_late,rich_latent_geometry,-0.35414130160717916,0.35,0.35414130160717916
rich_latent_turn_cos_t4,rich_latent_geometry,-0.35414130160717916,0.35,0.35414130160717916
rich_dz_crosscos_4_5,rich_crosstime,-0.35414130160717916,0.35,0.35414130160717916
rich_guidance_t3_maxabs,rich_guidance_moments,-0.3514793518760809,0.35,0.3514793518760809
rich_score_relchange_auc,rich_score_dynamics,-0.3509067468708462,0.3,0.3509067468708462
rich_guidance_t2_q75,rich_guidance_moments,-0.3504985018831543,0.38333333333333336,0.3504985018831543
rich_score_t2_v_autocorr,rich_score_spatial,0.3496385032221658,0.6666666666666666,0.3496385032221658
rich_latent_t2_q75,rich_latent_typicality,-0.34813549649559694,0.3,0.34813549649559694
rich_latent_t0_q75,rich_latent_typicality,-0.34779494209588413,0.3333333333333333,0.34779494209588413
rich_score_t4_q25,rich_score_moments,0.3471319596574515,0.6333333333333333,0.3471319596574515
rich_latent_t5_kurtosis,rich_latent_typicality,0.346899667843774,0.6333333333333333,0.346899667843774
rich_latent_t1_q75,rich_latent_typicality,-0.34685737749385376,0.3333333333333333,0.34685737749385376
rich_guidance_t3_q25,rich_guidance_moments,0.34605110477821605,0.6166666666666667,0.34605110477821605
guidance_t3,legacy_guidance,-0.3446520957261948,0.2833333333333333,0.3446520957261948
rich_guidance_t3_rms,rich_guidance_moments,-0.3446519090703753,0.2833333333333333,0.3446519090703753
rich_score_t5_q75,rich_score_moments,-0.3431268120091648,0.2833333333333333,0.3431268120091648
rich_latent_t3_rms,rich_latent_typicality,-0.3423769209692142,0.36666666666666664,0.3423769209692142
rich_latent_t5_pr,rich_latent_typicality,-0.3416315677541233,0.36666666666666664,0.3416315677541233
rich_latent_step_auc,rich_latent_geometry,-0.34147731430500694,0.4166666666666667,0.34147731430500694
rich_latent_t2_q95,rich_latent_typicality,-0.34048702273388404,0.38333333333333336,0.34048702273388404
rich_guidance_t2_absmean,rich_guidance_moments,-0.34038571405183016,0.4,0.34038571405183016
rich_guidance_t3_absmean,rich_guidance_moments,-0.33858578729776845,0.3333333333333333,0.33858578729776845
rich_guidance_t2_var,rich_guidance_moments,-0.3378173200427389,0.36666666666666664,0.3378173200427389
rich_latent_turn_cos_slope,rich_latent_geometry,-0.33637304981343513,0.31666666666666665,0.33637304981343513
rich_latent_turn_angle_t3,rich_latent_geometry,-0.3361321170762724,0.36666666666666664,0.3361321170762724
rich_guidance_t3_q75,rich_guidance_moments,-0.33389877857116207,0.36666666666666664,0.33389877857116207
rich_guidance_t2_q05,rich_guidance_moments,0.333769454647021,0.6166666666666667,0.333769454647021
rich_guidance_t2_q95,rich_guidance_moments,-0.3335970445720156,0.38333333333333336,0.3335970445720156
rich_score_t3_q75,rich_score_moments,-0.33357180880643206,0.3333333333333333,0.33357180880643206
guidance_std,legacy_guidance,-0.33267023542696905,0.36666666666666664,0.33267023542696905
path_length,legacy_geometry,-0.3325134827817648,0.4166666666666667,0.3325134827817648
speed_mean,legacy_geometry,-0.3325134827647563,0.4166666666666667,0.3325134827647563
rich_latent_step_mean,rich_latent_geometry,-0.3325134827647563,0.4166666666666667,0.3325134827647563
guidance_t2,legacy_guidance,-0.3323396946255591,0.36666666666666664,0.3323396946255591
rich_guidance_t2_rms,rich_guidance_moments,-0.33233879635269403,0.36666666666666664,0.33233879635269403
rich_latent_t2_absmean,rich_latent_typicality,-0.33149176823320714,0.4,0.33149176823320714
rich_guidance_t3_q05,rich_guidance_moments,0.33010349508679865,0.6666666666666666,0.33010349508679865
rich_cond_uncond_cos_max,rich_alignment,-0.32963013332119695,0.38333333333333336,0.32963013332119695
rich_guidance_t2_q25,rich_guidance_moments,0.32955781033909787,0.6333333333333333,0.32955781033909787
rich_guidance_t3_var,rich_guidance_moments,-0.32880199002029636,0.2833333333333333,0.32880199002029636
rich_score_t3_q25,rich_score_moments,0.32864148220785083,0.6333333333333333,0.32864148220785083
rich_latent_turn_angle_auc,rich_latent_geometry,-0.32830116987211566,0.4,0.32830116987211566
rich_score_crosscos_1_4,rich_crosstime,0.32724903746208184,0.6,0.32724903746208184
rich_score_t1_q95,rich_score_moments,-0.32568960720292905,0.3333333333333333,0.32568960720292905
rich_latent_step_middle,rich_latent_geometry,-0.32439022620778374,0.43333333333333335,0.32439022620778374
rich_latent_t1_extreme3,rich_latent_typicality,0.32233911883165756,0.55,0.32233911883165756
rich_dz_crosscos_0_2,rich_crosstime,0.32227353904819833,0.6666666666666666,0.32227353904819833
rich_latent_t0_extreme3,rich_latent_typicality,0.3221553696871085,0.55,0.3221553696871085
rich_score_t3_v_autocorr,rich_score_spatial,0.32174991494742017,0.6,0.32174991494742017
rich_score_t4_fft_mid,rich_score_fft,0.3213236165342931,0.65,0.3213236165342931
rich_uncond_dz_align_t4,rich_alignment,-0.3181074705359565,0.35,0.3181074705359565
rich_score_consecutive_cos_slope,rich_score_dynamics,-0.31750937728561435,0.3,0.31750937728561435
rich_guidance_t5_absmean,rich_guidance_moments,0.31649598571453097,0.6166666666666667,0.31649598571453097
rich_cond_dz_align_t4,rich_alignment,-0.31470727826204126,0.31666666666666665,0.31470727826204126
rich_latent_turn_angle_slope,rich_latent_geometry,0.3138332192733057,0.7166666666666667,0.3138332192733057
rich_score_t1_q75,rich_score_moments,-0.3124524286605245,0.35,0.3124524286605245
rich_guidance_t5_q05,rich_guidance_moments,-0.3121222230128996,0.36666666666666664,0.3121222230128996
rich_guidance_t3_q95,rich_guidance_moments,-0.3062060634556495,0.35,0.3062060634556495
rich_guidance_t5_q95,rich_guidance_moments,0.3057255478012382,0.65,0.3057255478012382
rich_score_t0_channel_ratio,rich_score_spatial,-0.3040603903968438,0.4166666666666667,0.3040603903968438
rich_guidance_dz_align_t2,rich_alignment,-0.30368450999106467,0.38333333333333336,0.30368450999106467
rich_score_t1_fft_high,rich_score_fft,-0.3025302858119105,0.35,0.3025302858119105
rich_guidance_t4_maxabs,rich_guidance_moments,0.30168813880674955,0.5833333333333334,0.30168813880674955
rich_score_t2_q75,rich_score_moments,-0.3009951276876096,0.36666666666666664,0.3009951276876096
rich_score_t5_v_autocorr,rich_score_spatial,0.3009800759890158,0.6,0.3009800759890158
rich_score_t1_fft_mid,rich_score_fft,0.3003147754474674,0.7,0.3003147754474674
rich_cond_uncond_cos_t3,rich_alignment,0.29874684033405424,0.7166666666666667,0.29874684033405424
rich_score_t5_fft_centroid,rich_score_fft,-0.29757982461957866,0.38333333333333336,0.29757982461957866
rich_latent_step_t3,rich_latent_geometry,-0.29756345663437533,0.45,0.29756345663437533
rich_guidance_t5_rms,rich_guidance_moments,0.297122186068753,0.65,0.297122186068753
guidance_t5,legacy_guidance,0.2971197760587046,0.65,0.2971197760587046
rich_cond_uncond_cos_t5,rich_alignment,-0.29703006538794996,0.35,0.29703006538794996
rich_cond_uncond_cos_t2,rich_alignment,0.2943826829672237,0.6,0.2943826829672237
rich_score_t2_q25,rich_score_moments,0.2937996941069777,0.65,0.2937996941069777
rich_guidance_t5_nearzero,rich_guidance_moments,-0.2936858571107027,0.36666666666666664,0.2936858571107027
endpoint_kurtosis,endpoint,0.29125880391826686,0.6166666666666667,0.29125880391826686
rich_guidance_dz_align_auc,rich_alignment,-0.2908676715027816,0.4,0.2908676715027816
rich_cond_dz_orthfrac_t4,rich_alignment,0.2900508131181926,0.6833333333333333,0.2900508131181926
rich_latent_t0_maxabs,rich_latent_typicality,0.2881624597423757,0.6,0.2881624597423757
rich_latent_t1_maxabs,rich_latent_typicality,0.2880428744977894,0.6,0.2880428744977894
rich_latent_t3_var,rich_latent_typicality,-0.2873681967312429,0.4,0.2873681967312429
rich_score_t4_fft_high,rich_score_fft,-0.2861472503497084,0.4,0.2861472503497084
rich_guidance_t4_skew,rich_guidance_moments,0.28527111185260423,0.5833333333333334,0.28527111185260423
rich_cond_uncond_normratio_t4,rich_alignment,-0.2822620050275125,0.38333333333333336,0.2822620050275125
rich_latent_endpoint_displacement,rich_latent_geometry,-0.2822340713765782,0.4166666666666667,0.2822340713765782
rich_latent_turn_cos_t0,rich_latent_geometry,0.2796380291804709,0.6833333333333333,0.2796380291804709
rich_latent_turn_cos_min,rich_latent_geometry,0.2796380291804709,0.6833333333333333,0.2796380291804709
rich_dz_crosscos_0_1,rich_crosstime,0.2796380291804709,0.6833333333333333,0.2796380291804709
rich_dz_crosscos_2_4,rich_crosstime,0.2795044732288391,0.65,0.2795044732288391
rich_latent_turn_angle_max,rich_latent_geometry,-0.27932224385449533,0.31666666666666665,0.27932224385449533
rich_latent_turn_angle_t0,rich_latent_geometry,-0.27932224385449533,0.31666666666666665,0.27932224385449533
rich_latent_t3_maxabs,rich_latent_typicality,0.27904882536981107,0.6166666666666667,0.27904882536981107
rich_score_t5_q25,rich_score_moments,0.2785198565608077,0.5833333333333334,0.2785198565608077
rich_score_change_t0,rich_score_dynamics,-0.2775472000613369,0.31666666666666665,0.2775472000613369
rich_score_change_max,rich_score_dynamics,-0.2775472000613369,0.31666666666666665,0.2775472000613369
rich_latent_turn_cos_mean,rich_latent_geometry,0.2758237424842286,0.5166666666666667,0.2758237424842286
rich_score_t0_channel_cv,rich_score_spatial,-0.2750670508034869,0.38333333333333336,0.2750670508034869
rich_latent_t0_absmean,rich_latent_typicality,-0.27483324146276755,0.48333333333333334,0.27483324146276755
rich_latent_t1_absmean,rich_latent_typicality,-0.27463622359956746,0.48333333333333334,0.27463622359956746
rich_score_t1_v_autocorr,rich_score_spatial,0.2716086887207118,0.6166666666666667,0.2716086887207118
rich_latent_t2_extreme3,rich_latent_typicality,0.2713247878691854,0.5166666666666667,0.2713247878691854
rich_latent_t2_maxabs,rich_latent_typicality,0.2697198335169905,0.55,0.2697198335169905
rich_latent_step_t5,rich_latent_geometry,-0.2675548924697512,0.45,0.2675548924697512
rich_dz_crosscos_1_4,rich_crosstime,0.2659280145189363,0.5833333333333334,0.2659280145189363
rich_guidance_t5_var,rich_guidance_moments,0.2652512847694808,0.65,0.2652512847694808
rich_latent_t1_nearzero,rich_latent_typicality,0.2651702854718814,0.5333333333333333,0.2651702854718814
rich_latent_t2_nearzero,rich_latent_typicality,0.26412725155850275,0.5833333333333334,0.26412725155850275
rich_cond_uncond_cos_late,rich_alignment,-0.26163242885131827,0.4,0.26163242885131827
rich_latent_t5_nearzero,rich_latent_typicality,0.2615544696836663,0.6333333333333333,0.2615544696836663
rich_score_t4_kurtosis,rich_score_moments,0.2609257587508645,0.6333333333333333,0.2609257587508645
rich_latent_t4_maxabs,rich_latent_typicality,0.259460595766945,0.6,0.259460595766945
rich_guidance_t3_nearzero,rich_guidance_moments,0.2584279724349177,0.6333333333333333,0.2584279724349177
rich_uncond_dz_align_t0,rich_alignment,0.2578413719918517,0.6666666666666666,0.2578413719918517
rich_uncond_dz_align_max,rich_alignment,0.2578413719918517,0.6666666666666666,0.2578413719918517
rich_score_t5_kurtosis,rich_score_moments,0.25558089767824244,0.6166666666666667,0.25558089767824244
rich_latent_accel_t4,rich_latent_geometry,0.2548290261909014,0.6,0.2548290261909014
rich_latent_accel_late,rich_latent_geometry,0.2548290261909014,0.6,0.2548290261909014
rich_score_t1_fft_centroid,rich_score_fft,-0.254203543784374,0.43333333333333335,0.254203543784374
rich_latent_t0_nearzero,rich_latent_typicality,0.2537968142264,0.5166666666666667,0.2537968142264
rich_guidance_t5_q25,rich_guidance_moments,-0.25111317167219965,0.2833333333333333,0.25111317167219965
rich_latent_t2_rms,rich_latent_typicality,-0.24941742940926676,0.4,0.24941742940926676
rich_latent_t5_q05,rich_latent_typicality,0.2488524523761566,0.6166666666666667,0.2488524523761566
rich_latent_step_late,rich_latent_geometry,-0.24874731151120102,0.45,0.24874731151120102
rich_score_t1_maxabs,rich_score_moments,-0.24774099136210656,0.2833333333333333,0.24774099136210656
rich_guidance_dz_orthfrac_t2,rich_alignment,0.2474600608783043,0.5333333333333333,0.2474600608783043
rich_latent_path_straightness,rich_latent_geometry,0.24606850094706922,0.6166666666666667,0.24606850094706922
rich_score_t3_fft_high_low,rich_score_fft,-0.24521376181892268,0.4166666666666667,0.24521376181892268
rich_score_t4_v_autocorr,rich_score_spatial,0.24250394054851693,0.5333333333333333,0.24250394054851693
rich_latent_t3_extreme3,rich_latent_typicality,0.24145474752665277,0.5166666666666667,0.24145474752665277
rich_latent_t1_q95,rich_latent_typicality,-0.23991719779310702,0.4666666666666667,0.23991719779310702
rich_latent_t0_q95,rich_latent_typicality,-0.2389016281072121,0.4666666666666667,0.2389016281072121
rich_guidance_t4_mean,rich_guidance_moments,0.23600894809193657,0.6,0.23600894809193657
rich_guidance_dz_orthfrac_t4,rich_alignment,-0.23593786162446231,0.43333333333333335,0.23593786162446231
guidance_auc,legacy_guidance,-0.23572643910035562,0.3,0.23572643910035562
guidance_max,legacy_guidance,-0.23432161273294128,0.4,0.23432161273294128
rich_cond_uncond_cos_auc,rich_alignment,0.23425555692558347,0.65,0.23425555692558347
rich_score_t3_fft_low,rich_score_fft,0.23318995063602024,0.6,0.23318995063602024
rich_guidance_t1_q75,rich_guidance_moments,-0.2331566993513214,0.35,0.2331566993513214
rich_uncond_dz_align_std,rich_alignment,0.232965385280529,0.6166666666666667,0.232965385280529
rich_latent_step_t4,rich_latent_geometry,-0.22925753244835934,0.45,0.22925753244835934
rich_score_t0_channel_pr,rich_score_spatial,0.22923062662418717,0.6166666666666667,0.22923062662418717
rich_guidance_t2_nearzero,rich_guidance_moments,0.22919272262139045,0.6,0.22919272262139045
rich_latent_t3_skew,rich_latent_typicality,-0.2288697999963363,0.4166666666666667,0.2288697999963363
rich_guidance_t1_maxabs,rich_guidance_moments,-0.22827466706589844,0.4166666666666667,0.22827466706589844
rich_latent_t2_skew,rich_latent_typicality,-0.22569889884638972,0.38333333333333336,0.22569889884638972
rich_latent_accel_std,rich_latent_geometry,-0.2256050004236841,0.4166666666666667,0.2256050004236841
rich_guidance_cond_align_auc,rich_alignment,-0.22399589221172886,0.4166666666666667,0.22399589221172886
guidance_late,legacy_guidance,0.22158373557624042,0.5666666666666667,0.22158373557624042
rich_guidance_t0_q05,rich_guidance_moments,-0.21961576132256308,0.4666666666666667,0.21961576132256308
rich_guidance_t1_q25,rich_guidance_moments,0.2195482950294283,0.6333333333333333,0.2195482950294283
rich_cond_dz_align_std,rich_alignment,0.2192323507468065,0.6,0.2192323507468065
guidance_slope,legacy_guidance,0.2186713300713646,0.6,0.2186713300713646
rich_cond_dz_align_t3,rich_alignment,-0.2177095031373645,0.35,0.2177095031373645
rich_guidance_t1_absmean,rich_guidance_moments,-0.21687900054745252,0.35,0.21687900054745252
rich_score_t1_median,rich_score_moments,-0.21532029627646487,0.4166666666666667,0.21532029627646487
rich_score_t2_median,rich_score_moments,-0.2122592044175908,0.4,0.2122592044175908
acceleration_abs_mean,legacy_geometry,-0.21222819153958405,0.45,0.21222819153958405
endpoint_mean,endpoint,-0.2119990851776125,0.4,0.2119990851776125
rich_guidance_t0_rms,rich_guidance_moments,0.2107695902100757,0.55,0.2107695902100757
guidance_t0,legacy_guidance,0.21076938806030227,0.55,0.21076938806030227
rich_score_crosscos_0_3,rich_crosstime,0.20985632499853546,0.6166666666666667,0.20985632499853546
rich_latent_t2_mean,rich_latent_typicality,-0.20940919741929806,0.4,0.20940919741929806
rich_latent_t1_mean,rich_latent_typicality,-0.20843286390308924,0.4,0.20843286390308924
rich_latent_t0_mean,rich_latent_typicality,-0.2084142917027132,0.4,0.2084142917027132
rich_latent_t3_mean,rich_latent_typicality,-0.208099060863054,0.4,0.208099060863054
rich_cond_dz_orthfrac_late,rich_alignment,0.2077483173295384,0.6,0.2077483173295384
rich_score_t5_mean,rich_score_moments,-0.2075786132654739,0.4,0.2075786132654739
rich_latent_t4_mean,rich_latent_typicality,-0.20696252573919546,0.4,0.20696252573919546
rich_guidance_cond_align_mean,rich_alignment,-0.20685713534071706,0.43333333333333335,0.20685713534071706
rich_score_t4_nearzero,rich_score_moments,0.20611755950251587,0.5666666666666667,0.20611755950251587
rich_guidance_t1_rms,rich_guidance_moments,-0.2058751587739563,0.4,0.2058751587739563
guidance_t1,legacy_guidance,-0.20587497950778502,0.4,0.20587497950778502
rich_latent_cumulative_turn,rich_latent_geometry,-0.20525862911035345,0.5,0.20525862911035345
rich_latent_turn_angle_mean,rich_latent_geometry,-0.20525862910803488,0.5,0.20525862910803488
rich_guidance_t1_q05,rich_guidance_moments,0.20385513082650963,0.65,0.20385513082650963
rich_latent_t5_mean,rich_latent_typicality,-0.20368863221853328,0.4,0.20368863221853328
rich_guidance_t0_absmean,rich_guidance_moments,0.2032117984929519,0.55,0.2032117984929519
rich_score_angle_t0,rich_score_dynamics,-0.2025721442810329,0.4,0.2025721442810329
rich_score_angle_max,rich_score_dynamics,-0.2025721442810329,0.4,0.2025721442810329
rich_score_crosscos_0_1,rich_crosstime,0.2021402072068189,0.6,0.2021402072068189
rich_score_consecutive_cos_t0,rich_score_dynamics,0.2021402072068189,0.6,0.2021402072068189
rich_score_consecutive_cos_min,rich_score_dynamics,0.2021402072068189,0.6,0.2021402072068189
rich_score_t2_fft_high_low,rich_score_fft,-0.20190066380260205,0.43333333333333335,0.20190066380260205
rich_score_t0_kurtosis,rich_score_moments,0.20119350532782523,0.5166666666666667,0.20119350532782523
rich_uncond_dz_align_late,rich_alignment,-0.20043204887721203,0.4,0.20043204887721203
rich_cond_uncond_normratio_late,rich_alignment,-0.20036755064975195,0.38333333333333336,0.20036755064975195
rich_guidance_cond_align_middle,rich_alignment,-0.2002823062307508,0.35,0.2002823062307508
rich_score_t4_fft_centroid,rich_score_fft,-0.19967840153107044,0.45,0.19967840153107044
rich_guidance_cond_align_t4,rich_alignment,-0.19926836818192853,0.4,0.19926836818192853
rich_guidance_t0_var,rich_guidance_moments,0.19873713803940693,0.55,0.19873713803940693
rich_guidance_t0_q95,rich_guidance_moments,0.19757985284419183,0.55,0.19757985284419183
rich_guidance_t2_maxabs,rich_guidance_moments,-0.19651272983851772,0.4166666666666667,0.19651272983851772
rich_cond_dz_align_auc,rich_alignment,-0.19624942660004463,0.4,0.19624942660004463
rich_latent_t2_var,rich_latent_typicality,-0.19591702669454134,0.43333333333333335,0.19591702669454134
rich_score_change_std,rich_score_dynamics,-0.1955487477231783,0.4,0.1955487477231783
rich_guidance_t1_q95,rich_guidance_moments,-0.19478117742528203,0.36666666666666664,0.19478117742528203
rich_guidance_t0_q25,rich_guidance_moments,-0.1946028227229348,0.5,0.1946028227229348
rich_cond_dz_orthfrac_t3,rich_alignment,0.19455675400294076,0.65,0.19455675400294076
rich_uncond_dz_align_slope,rich_alignment,-0.19443898459027625,0.38333333333333336,0.19443898459027625
rich_score_t2_nearzero,rich_score_moments,0.19366957767957405,0.5833333333333334,0.19366957767957405
rich_score_crosscos_0_2,rich_crosstime,0.19308621002310258,0.6166666666666667,0.19308621002310258
rich_cond_uncond_cos_mean,rich_alignment,0.19212404037450015,0.6333333333333333,0.19212404037450015
rich_latent_t0_skew,rich_latent_typicality,-0.19196805821538906,0.36666666666666664,0.19196805821538906
rich_score_t3_channel_cv,rich_score_spatial,0.19195458409424943,0.6,0.19195458409424943
rich_latent_t1_skew,rich_latent_typicality,-0.19193166784426166,0.36666666666666664,0.19193166784426166
rich_guidance_t5_kurtosis,rich_guidance_moments,0.19145118244423331,0.48333333333333334,0.19145118244423331
rich_score_t2_channel_cv,rich_score_spatial,0.19105175623257642,0.5833333333333334,0.19105175623257642
rich_guidance_dz_orthfrac_middle,rich_alignment,0.1902987915015861,0.6166666666666667,0.1902987915015861
rich_guidance_cond_align_max,rich_alignment,-0.18953401838765196,0.45,0.18953401838765196
rich_score_crosscos_0_4,rich_crosstime,0.1891887004214692,0.6166666666666667,0.1891887004214692
rich_guidance_dz_align_mean,rich_alignment,-0.18898821831189497,0.4166666666666667,0.18898821831189497
rich_guidance_t0_q75,rich_guidance_moments,0.18865143735347195,0.5166666666666667,0.18865143735347195
rich_guidance_t5_median,rich_guidance_moments,0.18719066143418925,0.5666666666666667,0.18719066143418925
rich_uncond_dz_align_t3,rich_alignment,-0.18701162288025808,0.36666666666666664,0.18701162288025808
rich_cond_dz_align_late,rich_alignment,-0.18473000652791194,0.4166666666666667,0.18473000652791194
rich_uncond_dz_align_auc,rich_alignment,-0.18393178114676884,0.43333333333333335,0.18393178114676884
rich_score_t2_fft_low,rich_score_fft,0.18381228811712969,0.5333333333333333,0.18381228811712969
rich_latent_t5_median,rich_latent_typicality,-0.18149305137112853,0.43333333333333335,0.18149305137112853
rich_latent_t0_rms,rich_latent_typicality,-0.1805680046631606,0.48333333333333334,0.1805680046631606
rich_latent_t1_rms,rich_latent_typicality,-0.18043068823605504,0.48333333333333334,0.18043068823605504
rich_guidance_cond_align_t3,rich_alignment,-0.18039600990896426,0.4,0.18039600990896426
rich_score_t3_kurtosis,rich_score_moments,0.18000737124112698,0.6166666666666667,0.18000737124112698
rich_score_norm_early,rich_score_dynamics,0.1798688246534578,0.6,0.1798688246534578
eps_early,legacy_noise,0.17986880220330173,0.6,0.17986880220330173
rich_dz_crosscos_3_5,rich_crosstime,-0.1786002076642184,0.3333333333333333,0.1786002076642184
rich_cond_dz_align_middle,rich_alignment,-0.17760206307632337,0.38333333333333336,0.17760206307632337
rich_score_t5_channel_cv,rich_score_spatial,0.17738145000662994,0.5833333333333334,0.17738145000662994
rich_score_t0_mean,rich_score_moments,-0.17680615265796343,0.4666666666666667,0.17680615265796343
rich_cond_uncond_cos_min,rich_alignment,0.17670836970624249,0.6,0.17670836970624249
rich_guidance_dz_align_t1,rich_alignment,-0.17669534395658693,0.4166666666666667,0.17669534395658693
rich_cond_dz_align_mean,rich_alignment,-0.17617981033300215,0.4,0.17617981033300215
guidance_mean,legacy_guidance,-0.176069763987552,0.31666666666666665,0.176069763987552
rich_guidance_t1_var,rich_guidance_moments,-0.17594604878700912,0.4,0.17594604878700912
rich_cond_dz_align_slope,rich_alignment,-0.17586169177266311,0.43333333333333335,0.17586169177266311
rich_latent_step_slope,rich_latent_geometry,-0.17568940888671056,0.45,0.17568940888671056
rich_latent_t4_median,rich_latent_typicality,-0.17323071387180464,0.43333333333333335,0.17323071387180464
rich_cond_uncond_cos_std,rich_alignment,-0.17181950004072621,0.38333333333333336,0.17181950004072621
rich_latent_t4_skew,rich_latent_typicality,-0.17139821876408123,0.45,0.17139821876408123
rich_guidance_dz_align_early,rich_alignment,-0.17109806754596807,0.43333333333333335,0.17109806754596807
rich_cond_uncond_normratio_auc,rich_alignment,-0.17084264044838143,0.4,0.17084264044838143
rich_score_t5_fft_high_low,rich_score_fft,-0.1705416548060331,0.4166666666666667,0.1705416548060331
rich_score_t0_v_autocorr,rich_score_spatial,0.1704990101419731,0.5833333333333334,0.1704990101419731
rich_cond_uncond_cos_t4,rich_alignment,-0.1703410493420112,0.4666666666666667,0.1703410493420112
rich_uncond_dz_align_mean,rich_alignment,-0.16810273663761122,0.43333333333333335,0.16810273663761122
rich_latent_t3_nearzero,rich_latent_typicality,0.16551064461339607,0.55,0.16551064461339607
rich_guidance_cond_align_t2,rich_alignment,-0.16518579210429465,0.4166666666666667,0.16518579210429465
rich_cond_uncond_normratio_mean,rich_alignment,-0.16466890461807848,0.4,0.16466890461807848
rich_latent_t5_q25,rich_latent_typicality,0.16256551098722047,0.5166666666666667,0.16256551098722047
rich_score_t5_fft_low,rich_score_fft,0.16254390222443788,0.6,0.16254390222443788
rich_guidance_t0_nearzero,rich_guidance_moments,-0.16216527784825832,0.48333333333333334,0.16216527784825832
rich_score_t0_fft_centroid,rich_score_fft,-0.16195308030796124,0.4,0.16195308030796124
rich_score_t5_maxabs,rich_score_moments,0.1613358691724139,0.5666666666666667,0.1613358691724139
rich_score_crosscos_1_5,rich_crosstime,0.1609329068790902,0.5,0.1609329068790902
rich_score_t2_h_autocorr,rich_score_spatial,0.1592268463537837,0.6166666666666667,0.1592268463537837
rich_latent_t2_median,rich_latent_typicality,-0.15816837191596567,0.45,0.15816837191596567
rich_score_t5_channel_pr,rich_score_spatial,-0.15676770540116516,0.4166666666666667,0.15676770540116516
rich_score_t3_median,rich_score_moments,-0.1548634826620121,0.48333333333333334,0.1548634826620121
rich_score_t1_nearzero,rich_score_moments,0.15460264721992267,0.5666666666666667,0.15460264721992267
rich_cond_uncond_cos_t1,rich_alignment,0.15282298552790707,0.6,0.15282298552790707
rich_score_t3_h_autocorr,rich_score_spatial,0.14947582483175187,0.6,0.14947582483175187
rich_score_t4_channel_cv,rich_score_spatial,0.14912026855308255,0.5833333333333334,0.14912026855308255
rich_cond_dz_orthfrac_middle,rich_alignment,0.14837645328501278,0.6166666666666667,0.14837645328501278
rich_latent_t3_median,rich_latent_typicality,-0.14822174069271044,0.45,0.14822174069271044
rich_score_t3_channel_pr,rich_score_spatial,-0.14770677375445226,0.4,0.14770677375445226
rich_uncond_dz_align_middle,rich_alignment,-0.14718269855727778,0.4,0.14718269855727778
rich_guidance_cond_align_t1,rich_alignment,-0.14602348807685583,0.4166666666666667,0.14602348807685583
rich_score_t5_channel_ratio,rich_score_spatial,0.1452845527983215,0.5666666666666667,0.1452845527983215
rich_score_t1_fft_high_low,rich_score_fft,-0.1440473156876658,0.4,0.1440473156876658
rich_score_t3_channel_ratio,rich_score_spatial,0.14245418950814476,0.5166666666666667,0.14245418950814476
rich_latent_t5_maxabs,rich_latent_typicality,0.14216590703936177,0.5333333333333333,0.14216590703936177
rich_score_t1_fft_low,rich_score_fft,0.14182329075279826,0.55,0.14182329075279826
rich_guidance_cond_align_early,rich_alignment,-0.14121618593335689,0.4666666666666667,0.14121618593335689
rich_latent_accel_min,rich_latent_geometry,-0.1400168062043371,0.4666666666666667,0.1400168062043371
rich_cond_uncond_cos_slope,rich_alignment,-0.13918050241477997,0.4166666666666667,0.13918050241477997
rich_score_t2_channel_pr,rich_score_spatial,-0.138617659039388,0.4166666666666667,0.138617659039388
rich_score_t2_channel_ratio,rich_score_spatial,0.13726223189419753,0.5666666666666667,0.13726223189419753
rich_guidance_t0_median,rich_guidance_moments,0.13597518389065624,0.5333333333333333,0.13597518389065624
rich_latent_t1_median,rich_latent_typicality,-0.13546760496605878,0.4,0.13546760496605878
rich_guidance_t0_kurtosis,rich_guidance_moments,0.13466105776274054,0.5666666666666667,0.13466105776274054
rich_latent_t0_median,rich_latent_typicality,-0.13459025707927616,0.4,0.13459025707927616
rich_score_t2_kurtosis,rich_score_moments,0.13451885982185893,0.5666666666666667,0.13451885982185893
rich_score_first_last_cos,rich_score_dynamics,0.13438089793918506,0.6166666666666667,0.13438089793918506
rich_score_crosscos_0_5,rich_crosstime,0.13438089793918506,0.6166666666666667,0.13438089793918506
pixel_roundtrip_mse,roundtrip,-0.13412508458327002,0.45,0.13412508458327002
rich_guidance_cond_align_late,rich_alignment,-0.13407110610762799,0.45,0.13407110610762799
rich_score_t0_fft_mid,rich_score_fft,0.13333557578532776,0.6,0.13333557578532776
rich_score_t0_fft_high,rich_score_fft,-0.1324966680978372,0.45,0.1324966680978372
rich_latent_t0_var,rich_latent_typicality,-0.1317652597709076,0.5166666666666667,0.1317652597709076
rich_latent_t1_var,rich_latent_typicality,-0.13164844080340893,0.5166666666666667,0.13164844080340893
rich_score_t3_nearzero,rich_score_moments,0.13141930204110708,0.5666666666666667,0.13141930204110708
rich_guidance_t1_nearzero,rich_guidance_moments,0.1306754730536818,0.65,0.1306754730536818
rich_cond_dz_orthfrac_auc,rich_alignment,0.13065160574447868,0.6,0.13065160574447868
rich_cond_uncond_normratio_max,rich_alignment,-0.1287330791474202,0.4,0.1287330791474202
rich_guidance_dz_align_t4,rich_alignment,-0.12638672860344063,0.4666666666666667,0.12638672860344063
rich_guidance_t4_kurtosis,rich_guidance_moments,0.1243224581351153,0.6166666666666667,0.1243224581351153
rich_score_t4_channel_pr,rich_score_spatial,-0.12374944126482852,0.4166666666666667,0.12374944126482852
rich_score_relchange_t2,rich_score_dynamics,-0.12352454617932186,0.36666666666666664,0.12352454617932186
rich_score_t1_channel_cv,rich_score_spatial,0.12297583525388939,0.5833333333333334,0.12297583525388939
rich_cond_dz_align_t2,rich_alignment,-0.12134663507967892,0.4,0.12134663507967892
rich_guidance_dz_align_t5,rich_alignment,0.12024761066158812,0.5166666666666667,0.12024761066158812
rich_guidance_dz_align_slope,rich_alignment,0.12007437156466341,0.5833333333333334,0.12007437156466341
rich_cond_uncond_normratio_early,rich_alignment,-0.1198961002021491,0.43333333333333335,0.1198961002021491
rich_cond_dz_orthfrac_max,rich_alignment,0.11942551498606593,0.5833333333333334,0.11942551498606593
rich_guidance_dz_orthfrac_t0,rich_alignment,-0.11926536820495416,0.43333333333333335,0.11926536820495416
rich_guidance_t2_kurtosis,rich_guidance_moments,0.11562311446831701,0.4,0.11562311446831701
rich_guidance_t0_maxabs,rich_guidance_moments,0.11559923470459996,0.5333333333333333,0.11559923470459996
rich_guidance_t1_median,rich_guidance_moments,-0.11555928553033233,0.38333333333333336,0.11555928553033233
rich_guidance_t5_skew,rich_guidance_moments,0.11524448024446048,0.4666666666666667,0.11524448024446048
rich_guidance_t5_mean,rich_guidance_moments,0.11500077734405019,0.5,0.11500077734405019
rich_uncond_dz_align_min,rich_alignment,-0.11397729765953996,0.45,0.11397729765953996
rich_guidance_dz_orthfrac_late,rich_alignment,-0.11333629413577939,0.4166666666666667,0.11333629413577939
rich_cond_uncond_normratio_t2,rich_alignment,-0.11287542845478184,0.43333333333333335,0.11287542845478184
rich_guidance_t2_median,rich_guidance_moments,-0.1125477527270724,0.4166666666666667,0.1125477527270724
rich_score_secondchange_slope,rich_score_dynamics,0.11212375732404199,0.5333333333333333,0.11212375732404199
rich_score_t1_mean,rich_score_moments,-0.11142522887132417,0.48333333333333334,0.11142522887132417
rich_guidance_t3_skew,rich_guidance_moments,-0.11108733051978582,0.45,0.11108733051978582
rich_score_t0_median,rich_score_moments,-0.10907695597401641,0.4666666666666667,0.10907695597401641
rich_guidance_t2_skew,rich_guidance_moments,0.1089936329757296,0.48333333333333334,0.1089936329757296
rich_score_t4_channel_ratio,rich_score_spatial,0.10898467789962972,0.5333333333333333,0.10898467789962972
rich_score_t0_skew,rich_score_moments,0.1087895215507095,0.5166666666666667,0.1087895215507095
rich_cond_dz_orthfrac_t2,rich_alignment,0.10787861573454124,0.6,0.10787861573454124
rich_score_relchange_middle,rich_score_dynamics,-0.1066610193805122,0.4,0.1066610193805122
rich_guidance_t3_mean,rich_guidance_moments,0.1056299007754711,0.5666666666666667,0.1056299007754711
rich_score_consecutive_cos_std,rich_score_dynamics,-0.104460734976658,0.4166666666666667,0.104460734976658
rich_cond_dz_orthfrac_mean,rich_alignment,0.10405930732643419,0.5666666666666667,0.10405930732643419
rich_score_t2_skew,rich_score_moments,0.10318194190810184,0.55,0.10318194190810184
guidance_early,legacy_guidance,-0.10248034279708919,0.4666666666666667,0.10248034279708919
rich_cond_uncond_normratio_t1,rich_alignment,-0.10201915500492255,0.4166666666666667,0.10201915500492255
latent_roundtrip_mse,roundtrip,-0.10132743241159711,0.38333333333333336,0.10132743241159711
rich_score_t4_maxabs,rich_score_moments,0.10090353246494767,0.5666666666666667,0.10090353246494767
rich_score_t5_h_autocorr,rich_score_spatial,0.1000002274182365,0.6166666666666667,0.1000002274182365
rich_dz_crosscos_2_5,rich_crosstime,-0.09898279556123922,0.4666666666666667,0.09898279556123922
rich_cond_dz_orthfrac_early,rich_alignment,-0.09879073928224329,0.5166666666666667,0.09879073928224329
rich_cond_uncond_normratio_middle,rich_alignment,-0.09868772522720096,0.43333333333333335,0.09868772522720096
rich_guidance_t0_skew,rich_guidance_moments,0.09756853641307633,0.48333333333333334,0.09756853641307633
rich_cond_dz_align_t1,rich_alignment,-0.09752694496354984,0.43333333333333335,0.09752694496354984
rich_score_crosscos_3_5,rich_crosstime,-0.09749954710231934,0.45,0.09749954710231934
rich_guidance_dz_orthfrac_slope,rich_alignment,-0.09712861037021736,0.4,0.09712861037021736
rich_guidance_t4_q25,rich_guidance_moments,0.09684706806886731,0.55,0.09684706806886731
rich_latent_t4_q05,rich_latent_typicality,0.09633456220389607,0.5166666666666667,0.09633456220389607
rich_guidance_dz_orthfrac_t1,rich_alignment,0.09594688353965732,0.5333333333333333,0.09594688353965732
rich_latent_t1_q05,rich_latent_typicality,-0.09495228695348625,0.5166666666666667,0.09495228695348625
rich_score_t4_fft_high_low,rich_score_fft,-0.09493048636043235,0.5,0.09493048636043235
rich_dz_crosscos_1_5,rich_crosstime,0.09466719739737481,0.5333333333333333,0.09466719739737481
rich_score_t1_skew,rich_score_moments,0.09379094968608659,0.5666666666666667,0.09379094968608659
rich_latent_t0_q05,rich_latent_typicality,-0.0932337615846705,0.5166666666666667,0.0932337615846705
rich_guidance_cond_align_std,rich_alignment,-0.09145880878058103,0.4,0.09145880878058103
rich_score_t0_h_autocorr,rich_score_spatial,0.09120594572367874,0.55,0.09120594572367874
rich_score_t4_median,rich_score_moments,-0.09115168209746298,0.5166666666666667,0.09115168209746298
rich_uncond_dz_align_t2,rich_alignment,-0.09059585774098716,0.43333333333333335,0.09059585774098716
rich_score_t0_fft_low,rich_score_fft,0.0897975078561044,0.5833333333333334,0.0897975078561044
rich_latent_t5_skew,rich_latent_typicality,-0.08976594092073115,0.4666666666666667,0.08976594092073115
rich_score_secondchange_std,rich_score_dynamics,0.08816950507193419,0.5166666666666667,0.08816950507193419
rich_score_crosscos_2_5,rich_crosstime,0.08707590986978365,0.4666666666666667,0.08707590986978365
rich_score_t4_fft_low,rich_score_fft,0.0867447633134491,0.4666666666666667,0.0867447633134491
rich_guidance_dz_orthfrac_t3,rich_alignment,0.08645751091876035,0.5333333333333333,0.08645751091876035
rich_latent_t4_q25,rich_latent_typicality,0.08591661898058253,0.48333333333333334,0.08591661898058253
rich_cond_dz_orthfrac_t1,rich_alignment,0.0857880462950916,0.5666666666666667,0.0857880462950916
rich_guidance_t4_rms,rich_guidance_moments,0.08556111997054361,0.5,0.08556111997054361
guidance_t4,legacy_guidance,0.08556058081832983,0.5,0.08556058081832983
rich_latent_turn_cos_max,rich_latent_geometry,0.08283031794617245,0.45,0.08283031794617245
rich_guidance_t4_var,rich_guidance_moments,0.07823782209566668,0.5,0.07823782209566668
rich_score_t5_median,rich_score_moments,-0.07809991033937942,0.55,0.07809991033937942
rich_guidance_dz_align_t0,rich_alignment,-0.07775434103697457,0.43333333333333335,0.07775434103697457
rich_cond_dz_align_min,rich_alignment,-0.07751570289065854,0.4166666666666667,0.07751570289065854
rich_score_t1_channel_ratio,rich_score_spatial,0.07683277869385752,0.5333333333333333,0.07683277869385752
rich_cond_uncond_normratio_min,rich_alignment,-0.07673353457604402,0.4666666666666667,0.07673353457604402
rich_guidance_t4_q75,rich_guidance_moments,-0.07512968497891946,0.48333333333333334,0.07512968497891946
rich_cond_uncond_normratio_t0,rich_alignment,-0.07264027130788674,0.43333333333333335,0.07264027130788674
rich_cond_uncond_cos_early,rich_alignment,0.07096989358796682,0.5166666666666667,0.07096989358796682
rich_guidance_cond_align_min,rich_alignment,-0.07040478940587921,0.5166666666666667,0.07040478940587921
rich_latent_t0_q25,rich_latent_typicality,0.07013362727852059,0.55,0.07013362727852059
rich_cond_dz_orthfrac_t5,rich_alignment,0.06951261450490055,0.55,0.06951261450490055
rich_guidance_t4_q95,rich_guidance_moments,0.06881823301660005,0.5,0.06881823301660005
rich_latent_t1_q25,rich_latent_typicality,0.06827692793202904,0.55,0.06827692793202904
rich_guidance_dz_align_min,rich_alignment,-0.06608344106335885,0.45,0.06608344106335885
rich_uncond_dz_align_t1,rich_alignment,-0.06575868469718332,0.43333333333333335,0.06575868469718332
rich_guidance_cond_align_t0,rich_alignment,-0.06490243989730611,0.43333333333333335,0.06490243989730611
rich_guidance_t0_mean,rich_guidance_moments,-0.06443059911102249,0.45,0.06443059911102249
rich_score_t1_fft_entropy,rich_score_fft,-0.06321844249717383,0.45,0.06321844249717383
rich_latent_turn_cos_std,rich_latent_geometry,-0.06268534533838896,0.4166666666666667,0.06268534533838896
rich_guidance_dz_orthfrac_t5,rich_alignment,-0.061817295747883985,0.43333333333333335,0.061817295747883985
rich_guidance_t3_median,rich_guidance_moments,-0.061737227168201333,0.5333333333333333,0.061737227168201333
rich_latent_t3_q25,rich_latent_typicality,0.06074108945091237,0.5166666666666667,0.06074108945091237
rich_cond_uncond_normratio_std,rich_alignment,-0.058650125740658164,0.43333333333333335,0.058650125740658164
rich_latent_t2_q25,rich_latent_typicality,0.05794130405903768,0.55,0.05794130405903768
rich_guidance_dz_align_late,rich_alignment,0.05726026881388414,0.5333333333333333,0.05726026881388414
rich_guidance_t1_skew,rich_guidance_moments,-0.05551287030608438,0.4166666666666667,0.05551287030608438
rich_score_t0_fft_high_low,rich_score_fft,-0.05282126861795704,0.4666666666666667,0.05282126861795704
rich_latent_t5_extreme3,rich_latent_typicality,-0.05239039443972295,0.43333333333333335,0.05239039443972295
rich_cond_uncond_normratio_t3,rich_alignment,-0.05189075229971523,0.4666666666666667,0.05189075229971523
rich_score_t1_h_autocorr,rich_score_spatial,0.05173303160593049,0.6,0.05173303160593049
rich_score_t1_channel_pr,rich_score_spatial,-0.05154395510667453,0.4166666666666667,0.05154395510667453
rich_score_t2_mean,rich_score_moments,0.050305585156120214,0.55,0.050305585156120214
endpoint_skew,endpoint,-0.04832917197731466,0.4666666666666667,0.04832917197731466
rich_score_t2_maxabs,rich_score_moments,-0.047288916001789624,0.45,0.047288916001789624
rich_cond_uncond_cos_t0,rich_alignment,-0.04704651770485629,0.6166666666666667,0.04704651770485629
rich_latent_t2_q05,rich_latent_typicality,-0.04701067435448889,0.5,0.04701067435448889
rich_guidance_t1_kurtosis,rich_guidance_moments,-0.04502794281093793,0.5,0.04502794281093793
rich_uncond_dz_align_t5,rich_alignment,-0.044306470779081834,0.5,0.044306470779081834
rich_score_t4_mean,rich_score_moments,-0.04053335362048986,0.5166666666666667,0.04053335362048986
endpoint_extreme_fraction,endpoint,-0.040149320335112273,0.45,0.040149320335112273
rich_score_t3_fft_entropy,rich_score_fft,-0.03887214933815739,0.5166666666666667,0.03887214933815739
rich_guidance_dz_align_max,rich_alignment,-0.03836087724550403,0.5166666666666667,0.03836087724550403
rich_score_t3_maxabs,rich_score_moments,-0.03756965938680253,0.48333333333333334,0.03756965938680253
rich_guidance_t1_mean,rich_guidance_moments,0.03733509640149872,0.6166666666666667,0.03733509640149872
rich_score_t5_nearzero,rich_score_moments,-0.036439067135183516,0.5,0.036439067135183516
rich_cond_uncond_normratio_t5,rich_alignment,0.036165304088893326,0.5,0.036165304088893326
rich_cond_dz_align_early,rich_alignment,-0.03531164188478315,0.45,0.03531164188478315
rich_latent_turn_angle_min,rich_latent_geometry,-0.034742771232344684,0.55,0.034742771232344684
rich_guidance_t2_mean,rich_guidance_moments,0.03362648093275414,0.48333333333333334,0.03362648093275414
rich_guidance_t3_kurtosis,rich_guidance_moments,0.033163007694830965,0.5666666666666667,0.033163007694830965
rich_guidance_t4_q05,rich_guidance_moments,-0.032723896572455495,0.48333333333333334,0.032723896572455495
rich_score_t3_skew,rich_score_moments,0.029212008251161797,0.5,0.029212008251161797
rich_guidance_dz_orthfrac_auc,rich_alignment,0.0259949614931884,0.48333333333333334,0.0259949614931884
rich_cond_dz_align_t5,rich_alignment,-0.022708216992821523,0.45,0.022708216992821523
rich_score_relchange_t1,rich_score_dynamics,0.021545216989063483,0.55,0.021545216989063483
rich_score_t3_mean,rich_score_moments,-0.020494337254774606,0.5,0.020494337254774606
rich_score_relchange_t3,rich_score_dynamics,0.019584969362330378,0.48333333333333334,0.019584969362330378
rich_score_t5_fft_entropy,rich_score_fft,-0.018382919028685954,0.5666666666666667,0.018382919028685954
rich_latent_t4_extreme3,rich_latent_typicality,0.017968391224948387,0.5333333333333333,0.017968391224948387
rich_guidance_dz_orthfrac_early,rich_alignment,0.017099049004557894,0.4666666666666667,0.017099049004557894
rich_score_t4_skew,rich_score_moments,0.016364297311864822,0.5166666666666667,0.016364297311864822
rich_guidance_cond_align_t5,rich_alignment,-0.015748930138431108,0.5166666666666667,0.015748930138431108
rich_score_t4_h_autocorr,rich_score_spatial,0.0149127467006216,0.55,0.0149127467006216
rich_guidance_dz_align_std,rich_alignment,0.014658174886695376,0.6,0.014658174886695376
rich_guidance_t4_median,rich_guidance_moments,0.014529055332094816,0.48333333333333334,0.014529055332094816
rich_score_t2_fft_entropy,rich_score_fft,-0.013961029787788902,0.48333333333333334,0.013961029787788902
rich_guidance_t4_absmean,rich_guidance_moments,0.013387800754877563,0.5,0.013387800754877563
rich_score_t5_skew,rich_score_moments,-0.013094013064387637,0.4666666666666667,0.013094013064387637
rich_guidance_dz_orthfrac_mean,rich_alignment,-0.01308395075787327,0.5166666666666667,0.01308395075787327
rich_score_t1_kurtosis,rich_score_moments,-0.008938780860466117,0.4666666666666667,0.008938780860466117
rich_score_t4_fft_entropy,rich_score_fft,0.0069320317720644245,0.5666666666666667,0.0069320317720644245
rich_latent_t3_q05,rich_latent_typicality,-0.0063021176221146075,0.5,0.0063021176221146075
rich_uncond_dz_align_early,rich_alignment,-0.0055176292488466365,0.4666666666666667,0.0055176292488466365
rich_guidance_dz_orthfrac_min,rich_alignment,-0.0042913927802037425,0.48333333333333334,0.0042913927802037425
rich_latent_t4_nearzero,rich_latent_typicality,0.004085288173729685,0.48333333333333334,0.004085288173729685
rich_guidance_dz_orthfrac_max,rich_alignment,0.0033396015749487147,0.5166666666666667,0.0033396015749487147
rich_guidance_t4_nearzero,rich_guidance_moments,0.002168549831260001,0.5166666666666667,0.002168549831260001
rich_latent_turn_angle_std,rich_latent_geometry,0.0017719580287299127,0.45,0.0017719580287299127
rich_score_angle_std,rich_score_dynamics,0.0016131008490254213,0.4166666666666667,0.0016131008490254213
rich_score_t0_fft_entropy,rich_score_fft,0.00128095276977485,0.5,0.00128095276977485
rich_guidance_cond_align_slope,rich_alignment,-0.0011949005941561393,0.5333333333333333,0.0011949005941561393
rich_cond_uncond_normratio_slope,rich_alignment,-0.0006731229556267655,0.5,0.0006731229556267655
rich_guidance_dz_orthfrac_std,rich_alignment,-0.000243199928390656,0.5166666666666667,0.000243199928390656
