generator,content_id,label,curvature_observed,curvature_predicted_from_vae,curvature_residual_vs_vae
sd15,coco2014_COCO_val2014_000000313399,0,0.3887199141709382,0.33374955511732074,0.05497035905361747
sd15,coco2014_COCO_val2014_000000313399,1,0.2686494782636385,0.33198465759103285,-0.06333517932739435
sd15,coco2014_COCO_val2014_000000396676,0,0.3466124774259284,0.3678512327454727,-0.021238755319544333
sd15,coco2014_COCO_val2014_000000396676,1,0.3393703814229973,0.30514430126208897,0.034226080160908334
sd15,coco2014_COCO_val2014_000000068005,0,0.391341799637608,0.3592902877688674,0.03205151186874061
sd15,coco2014_COCO_val2014_000000068005,1,0.3852765287651848,0.38715458324733615,-0.0018780544821513367
sd15,coco2014_COCO_val2014_000000025138,0,0.39323441587200236,0.35725354071271653,0.03598087515928583
sd15,coco2014_COCO_val2014_000000025138,1,0.2898658419442499,0.3260689254492703,-0.036203083505020384
sd15,coco2014_COCO_val2014_000000087581,0,0.3431335134584437,0.3778467466708454,-0.03471323321240172
sd15,coco2014_COCO_val2014_000000087581,1,0.40596189115284786,0.38104103050053817,0.024920860652309695
sd15,coco2014_COCO_val2014_000000523517,0,0.3825520707473097,0.3888614345666277,-0.006309363819318015
sd15,coco2014_COCO_val2014_000000523517,1,0.34963864098622416,0.36130934149110444,-0.011670700504880283
sd15,coco2014_COCO_val2014_000000107839,0,0.2932638225934414,0.3174456952405882,-0.024181872647146774
sd15,coco2014_COCO_val2014_000000107839,1,0.3131193048831422,0.34571213151835584,-0.03259282663521362
sd15,coco2014_COCO_val2014_000000125997,0,0.34975979189142936,0.34310434433498127,0.006655447556448091
sd15,coco2014_COCO_val2014_000000125997,1,0.3670032406693682,0.340268763700937,0.026734476968431176
sd15,coco2014_COCO_val2014_000000304964,0,0.35829082337340373,0.3532555221390368,0.005035301234366907
sd15,coco2014_COCO_val2014_000000304964,1,0.37387315849683417,0.34155128169349663,0.032321876803337535
sd15,coco2014_COCO_val2014_000000474465,0,0.3610462242146956,0.38342621330730714,-0.02237998909261152
sd15,coco2014_COCO_val2014_000000474465,1,0.3360384081215838,0.33887857763126245,-0.002840169509678636
sd15,coco2014_COCO_val2014_000000214363,0,0.35841982700353764,0.351861543748953,0.006558283254584629
sd15,coco2014_COCO_val2014_000000214363,1,0.3128667628154381,0.3440083731374368,-0.03114161032199869
sd15,coco2014_COCO_val2014_000000207239,0,0.313120158460594,0.3514227328792071,-0.03830257441861312
sd15,coco2014_COCO_val2014_000000207239,1,0.34271802128706313,0.32000268060284864,0.02271534068421449
sd15,coco2014_COCO_val2014_000000552979,0,0.4218261929806056,0.3687815920490182,0.05304460093158736
sd15,coco2014_COCO_val2014_000000552979,1,0.3697710327417575,0.35601174204534436,0.013759290696413129
sd15,coco2014_COCO_val2014_000000482242,0,0.4049504888108307,0.36438749921364544,0.04056298959718524
sd15,coco2014_COCO_val2014_000000482242,1,0.3308306509666459,0.31002684879890763,0.02080380216773825
sd15,coco2014_COCO_val2014_000000061897,0,0.37467970522497396,0.3741046959042992,0.0005750093206747797
sd15,coco2014_COCO_val2014_000000061897,1,0.3404473587061505,0.36509566700867124,-0.02464830830252074
sd15,coco2014_COCO_val2014_000000263073,0,0.3238969400891511,0.3369351838830853,-0.013038243793934201
sd15,coco2014_COCO_val2014_000000263073,1,0.4288870245693353,0.4042415101057532,0.024645514463582097
sd15,coco2014_COCO_val2014_000000275751,0,0.36090868102633944,0.35172311368595166,0.009185567340387779
sd15,coco2014_COCO_val2014_000000275751,1,0.32985033897084404,0.3582145483636508,-0.02836420939280676
sd15,coco2014_COCO_val2014_000000112820,0,0.3691429071547499,0.3686013889605289,0.0005415181942209912
sd15,coco2014_COCO_val2014_000000112820,1,0.35941693490504406,0.3624266295068626,-0.0030096946018185466
sd15,coco2014_COCO_val2014_000000492271,0,0.3552646034481938,0.3618311324546507,-0.006566529006456878
sd15,coco2014_COCO_val2014_000000492271,1,0.33427533178421037,0.35289636359210597,-0.018621031807895594
sd15,coco2014_COCO_val2014_000000097967,0,0.34079913033315595,0.35995408964160347,-0.019154959308447517
sd15,coco2014_COCO_val2014_000000097967,1,0.2969792518226213,0.3247742671247999,-0.027795015302178594
sd15,coco2014_COCO_val2014_000000064779,0,0.34976655174014626,0.3450836149517377,0.0046829367884085316
sd15,coco2014_COCO_val2014_000000064779,1,0.3515089296135669,0.3615096365502922,-0.010000706936725334
sd15,coco2014_COCO_val2014_000000532983,0,0.3831958479636115,0.36494331189884,0.018252536064771507
sd15,coco2014_COCO_val2014_000000532983,1,0.35303326419045034,0.34503952252238745,0.007993741668062881
sd15,coco2014_COCO_val2014_000000454478,0,0.37776742037063643,0.36764576766728135,0.010121652703355077
sd15,coco2014_COCO_val2014_000000454478,1,0.3129780365688993,0.3151638024631902,-0.0021857658942909253
sd15,coco2014_COCO_val2014_000000241867,0,0.3430724746784484,0.3337873172258347,0.009285157452613713
sd15,coco2014_COCO_val2014_000000241867,1,0.3040203753800454,0.34460194645493397,-0.04058157107488858
sd15,coco2014_COCO_val2014_000000172279,0,0.3808673440221762,0.3770773053862053,0.0037900386359708826
sd15,coco2014_COCO_val2014_000000172279,1,0.3451263979392883,0.3766001184590046,-0.03147372051971631
sd15,coco2014_COCO_val2014_000000417373,0,0.3969136837250907,0.36091867831025176,0.035995005414838965
sd15,coco2014_COCO_val2014_000000417373,1,0.3223382346236323,0.32026724305180415,0.0020709915718281624
sd15,coco2014_COCO_val2014_000000249534,0,0.4058651460976169,0.3466104022539474,0.05925474384366952
sd15,coco2014_COCO_val2014_000000249534,1,0.37908097136518015,0.3289756864389172,0.05010528492626293
sd15,coco2014_COCO_val2014_000000078176,0,0.34597698740428984,0.33695513812082006,0.009021849283469774
sd15,coco2014_COCO_val2014_000000078176,1,0.33721117614691226,0.36461864096196756,-0.027407464815055294
sd15,coco2014_COCO_val2014_000000371529,0,0.357461897729871,0.3534005338921916,0.00406136383767941
sd15,coco2014_COCO_val2014_000000371529,1,0.2813134209078576,0.3271011441759448,-0.04578772326808722
sd15,coco2014_COCO_val2014_000000389869,0,0.3921226996471367,0.38546977385059916,0.006652925796537534
sd15,coco2014_COCO_val2014_000000389869,1,0.36729620308855626,0.3206182747094206,0.04667792837913565
sd15,coco2014_COCO_val2014_000000074591,0,0.4048120266577138,0.3847471458760082,0.020064880781705596
sd15,coco2014_COCO_val2014_000000074591,1,0.3114432351331876,0.3472017662088993,-0.0357585310757117
sd15,coco2014_COCO_val2014_000000468778,0,0.39628564580199516,0.366944963400773,0.029340682401222173
sd15,coco2014_COCO_val2014_000000468778,1,0.3728277948583994,0.360658651195553,0.012169143662846382
sd15,coco2014_COCO_val2014_000000218855,0,0.3709590992384939,0.3601660776310306,0.010793021607463316
sd15,coco2014_COCO_val2014_000000218855,1,0.3415571529361251,0.34686886880848966,-0.005311715872364564
sd15,coco2014_COCO_val2014_000000556130,0,0.344277384836023,0.3756849690180087,-0.03140758418198569
sd15,coco2014_COCO_val2014_000000556130,1,0.2884041605896407,0.3193365397596587,-0.03093237917001801
sd15,coco2014_COCO_val2014_000000040102,0,0.3757022273800722,0.4223546803470942,-0.04665245296702203
sd15,coco2014_COCO_val2014_000000040102,1,0.27880954363843236,0.3426493900856795,-0.06383984644724716
sd15,coco2014_COCO_val2014_000000341118,0,0.3261183369979882,0.32615138786394693,-3.305086595872808e-05
sd15,coco2014_COCO_val2014_000000341118,1,0.3332935997705617,0.31981660432201425,0.013476995448547469
sd15,coco2014_COCO_val2014_000000228722,0,0.3803242481672052,0.35071193499128034,0.029612313175924887
sd15,coco2014_COCO_val2014_000000228722,1,0.316010242701623,0.31964770816188387,-0.0036374654602608913
sd15,coco2014_COCO_val2014_000000579673,0,0.33363852679862316,0.3299494973464828,0.0036890294521403355
sd15,coco2014_COCO_val2014_000000579673,1,0.3404243282028261,0.35787635068216206,-0.01745202247933597
sd15,coco2014_COCO_val2014_000000508167,0,0.3077490259906033,0.29491655355972346,0.012832472430879815
sd15,coco2014_COCO_val2014_000000508167,1,0.29965093138844884,0.3242048465695444,-0.024553915181095565
sd15,coco2014_COCO_val2014_000000377427,0,0.38598435026640054,0.3635339866124454,0.02245036365395514
sd15,coco2014_COCO_val2014_000000377427,1,0.30733214363046124,0.33686069195817797,-0.02952854832771673
sd15,coco2014_COCO_val2014_000000293452,0,0.37444781446258923,0.3829752412084121,-0.008527426745822853
sd15,coco2014_COCO_val2014_000000293452,1,0.3967951747408345,0.3997036013576204,-0.0029084266167859196
sd15,coco2014_COCO_val2014_000000176606,0,0.381856726486423,0.39371873561710713,-0.011862009130684137
sd15,coco2014_COCO_val2014_000000176606,1,0.3762520507250344,0.38761826270192634,-0.011366211976891916
sd15,coco2014_COCO_val2014_000000158250,0,0.3293024318627667,0.3426479879276056,-0.013345556064838893
sd15,coco2014_COCO_val2014_000000158250,1,0.3920203198516068,0.3634247516491554,0.028595568202451405
sd15,coco2014_COCO_val2014_000000194780,0,0.3778176050037016,0.33373715421956224,0.04408045078413936
sd15,coco2014_COCO_val2014_000000194780,1,0.2711989381670354,0.3196104934649319,-0.048411555297896536
sd15,coco2014_COCO_val2014_000000389308,0,0.36643826217051234,0.34273047193922984,0.0237077902312825
sd15,coco2014_COCO_val2014_000000389308,1,0.2855812868402883,0.3333313625791091,-0.04775007573882084
sd15,coco2014_COCO_val2014_000000172553,0,0.3147702659611481,0.33809964513516133,-0.02332937917401323
sd15,coco2014_COCO_val2014_000000172553,1,0.41366895437950957,0.37760999291934866,0.03605896146016091
sd15,coco2014_COCO_val2014_000000500316,0,0.3725785667391021,0.39060413585717496,-0.01802556911807285
sd15,coco2014_COCO_val2014_000000500316,1,0.3584632798686656,0.3633092958187449,-0.004846015950079274
sd15,coco2014_COCO_val2014_000000438505,0,0.37367556472158703,0.34989948898752116,0.02377607573406587
sd15,coco2014_COCO_val2014_000000438505,1,0.35421262682130045,0.3424638922490245,0.011748734572275932
sd15,coco2014_COCO_val2014_000000079446,0,0.3255094800776438,0.32896695228083844,-0.0034574722031946448
sd15,coco2014_COCO_val2014_000000079446,1,0.3324136992027934,0.32547325662046306,0.006940442582330342
sd15,coco2014_COCO_val2014_000000279806,0,0.3666340571516025,0.31717025721650266,0.04946379993509986
sd15,coco2014_COCO_val2014_000000279806,1,0.3678171583912926,0.37261704953895985,-0.004799891147667268
sd15,coco2014_COCO_val2014_000000289714,0,0.31466073735131234,0.3769515494785093,-0.06229081212719695
sd15,coco2014_COCO_val2014_000000289714,1,0.34701310431844307,0.31192509548032665,0.03508800883811641
sd15,coco2014_COCO_val2014_000000092624,0,0.42712552194856623,0.42299064454394353,0.0041348774046227055
sd15,coco2014_COCO_val2014_000000092624,1,0.35159524936989095,0.3437044057818282,0.007890843588062746
sd15,coco2014_COCO_val2014_000000417339,0,0.4004428965233914,0.36223492814412606,0.03820796837926532
sd15,coco2014_COCO_val2014_000000417339,1,0.28668686585543646,0.3281284074966794,-0.04144154164124292
sd15,coco2014_COCO_val2014_000000059532,0,0.40264966381672185,0.3719378483585122,0.030711815458209668
sd15,coco2014_COCO_val2014_000000059532,1,0.32065514347975255,0.34004058238586143,-0.019385438906108887
sd15,coco2014_COCO_val2014_000000262576,0,0.368236543858727,0.3466702992921826,0.02156624456654438
sd15,coco2014_COCO_val2014_000000262576,1,0.3513501453729776,0.3405572388905077,0.010792906482469888
sd15,coco2014_COCO_val2014_000000304305,0,0.3175363998667643,0.3580627340080251,-0.04052633414126078
sd15,coco2014_COCO_val2014_000000304305,1,0.3379949718262564,0.3548358043769577,-0.016840832550701346
sd15,coco2014_COCO_val2014_000000068257,0,0.3488826066597188,0.3515587486881455,-0.002676142028426698
sd15,coco2014_COCO_val2014_000000068257,1,0.2866804652219578,0.3316376277548839,-0.04495716253292614
sd15,coco2014_COCO_val2014_000000100510,0,0.39719806043576833,0.36432165937138095,0.032876401064387384
sd15,coco2014_COCO_val2014_000000100510,1,0.3889149316113967,0.3535148093899055,0.03540012222149119
sd15,coco2014_COCO_val2014_000000397628,0,0.3372080669996602,0.3398259910589047,-0.002617924059244492
sd15,coco2014_COCO_val2014_000000397628,1,0.33152962590040896,0.36463337780062843,-0.03310375190021947
sd15,coco2014_COCO_val2014_000000328818,0,0.4224783279389924,0.37515091529218586,0.047327412646806566
sd15,coco2014_COCO_val2014_000000328818,1,0.36655018037565235,0.35469426187995723,0.011855918495695117
sdxl,coco2014_COCO_val2014_000000313399,0,0.3887199141709382,0.34373192765684046,0.044987986514097744
sdxl,coco2014_COCO_val2014_000000396676,0,0.3466124774259284,0.37335623624077485,-0.026743758814846474
sdxl,coco2014_COCO_val2014_000000068005,0,0.391341799637608,0.36372891735275686,0.027612882284851148
sdxl,coco2014_COCO_val2014_000000025138,0,0.39323441587200236,0.3607946277437525,0.03243978812824988
sdxl,coco2014_COCO_val2014_000000087581,0,0.3431335134584437,0.37760135762232977,-0.0344678441638861
sdxl,coco2014_COCO_val2014_000000523517,0,0.3825520707473097,0.38688216344739124,-0.004330092700081556
sdxl,coco2014_COCO_val2014_000000107839,0,0.2932638225934414,0.3293304064576705,-0.03606658386422906
sdxl,coco2014_COCO_val2014_000000125997,0,0.34975979189142936,0.3513573728442226,-0.0015975809527932205
sdxl,coco2014_COCO_val2014_000000304964,0,0.35829082337340373,0.35767326841713404,0.0006175549562696947
sdxl,coco2014_COCO_val2014_000000474465,0,0.3610462242146956,0.38002127136348174,-0.018975047148786117
sdxl,coco2014_COCO_val2014_000000214363,0,0.35841982700353764,0.3570700715769854,0.001349755426552246
sdxl,coco2014_COCO_val2014_000000207239,0,0.313120158460594,0.3586919318078531,-0.04557177334725909
sdxl,coco2014_COCO_val2014_000000552979,0,0.4218261929806056,0.3696700837771394,0.052156109203466194
sdxl,coco2014_COCO_val2014_000000482242,0,0.4049504888108307,0.36975383683994617,0.03519665197088451
sdxl,coco2014_COCO_val2014_000000061897,0,0.37467970522497396,0.37636261795954534,-0.0016829127345713846
sdxl,coco2014_COCO_val2014_000000263073,0,0.3238969400891511,0.34388268791818477,-0.019985747829033673
sdxl,coco2014_COCO_val2014_000000275751,0,0.36090868102633944,0.3602133775947971,0.0006953034315423379
sdxl,coco2014_COCO_val2014_000000112820,0,0.3691429071547499,0.37110920184085266,-0.0019662946861027653
sdxl,coco2014_COCO_val2014_000000492271,0,0.3552646034481938,0.3664447097105735,-0.011180106262379697
sdxl,coco2014_COCO_val2014_000000097967,0,0.34079913033315595,0.36533477411726245,-0.024535643784106498
sdxl,coco2014_COCO_val2014_000000064779,0,0.34976655174014626,0.3563845273830045,-0.006617975642858265
sdxl,coco2014_COCO_val2014_000000532983,0,0.3831958479636115,0.37129329119013965,0.01190255677347185
sdxl,coco2014_COCO_val2014_000000454478,0,0.37776742037063643,0.3707229256641911,0.007044494706445303
sdxl,coco2014_COCO_val2014_000000241867,0,0.3430724746784484,0.34455064664035995,-0.001478171961911523
sdxl,coco2014_COCO_val2014_000000172279,0,0.3808673440221762,0.3827925749416997,-0.0019252309195235129
sdxl,coco2014_COCO_val2014_000000417373,0,0.3969136837250907,0.3661231610197574,0.030790522705333334
sdxl,coco2014_COCO_val2014_000000249534,0,0.4058651460976169,0.355206567915299,0.05065857818231795
sdxl,coco2014_COCO_val2014_000000078176,0,0.34597698740428984,0.34842738966950143,-0.002450402265211593
sdxl,coco2014_COCO_val2014_000000371529,0,0.357461897729871,0.3589300660516605,-0.0014681683217894759
sdxl,coco2014_COCO_val2014_000000389869,0,0.3921226996471367,0.3846234927632258,0.007499206883910869
sdxl,coco2014_COCO_val2014_000000074591,0,0.4048120266577138,0.38300120794766634,0.021810818710047475
sdxl,coco2014_COCO_val2014_000000468778,0,0.39628564580199516,0.37182973610111336,0.024455909700881795
sdxl,coco2014_COCO_val2014_000000218855,0,0.3709590992384939,0.36564102112525665,0.005318078113237257
sdxl,coco2014_COCO_val2014_000000556130,0,0.344277384836023,0.37758333258577326,-0.033305947749750264
sdxl,coco2014_COCO_val2014_000000040102,0,0.3757022273800722,0.4183507096268152,-0.042648482246743
sdxl,coco2014_COCO_val2014_000000341118,0,0.3261183369979882,0.33150626211290984,-0.005387925114921643
sdxl,coco2014_COCO_val2014_000000228722,0,0.3803242481672052,0.35847559832105946,0.021848649846145762
sdxl,coco2014_COCO_val2014_000000579673,0,0.33363852679862316,0.34082121498381784,-0.0071826881851946855
sdxl,coco2014_COCO_val2014_000000508167,0,0.3077490259906033,0.30914973168033855,-0.001400705689735271
sdxl,coco2014_COCO_val2014_000000377427,0,0.38598435026640054,0.36864335661452474,0.017340993651875802
sdxl,coco2014_COCO_val2014_000000293452,0,0.37444781446258923,0.38133724358261734,-0.006889429120028101
sdxl,coco2014_COCO_val2014_000000176606,0,0.381856726486423,0.3927902267622187,-0.010933500275795704
sdxl,coco2014_COCO_val2014_000000158250,0,0.3293024318627667,0.35174565817132675,-0.02244322630856005
sdxl,coco2014_COCO_val2014_000000194780,0,0.3778176050037016,0.3436586309434743,0.034158974060227276
sdxl,coco2014_COCO_val2014_000000389308,0,0.36643826217051234,0.3507894819338767,0.01564878023663563
sdxl,coco2014_COCO_val2014_000000172553,0,0.3147702659611481,0.3491939893978818,-0.03442372343673372
sdxl,coco2014_COCO_val2014_000000500316,0,0.3725785667391021,0.38874301283498236,-0.016164446095880247
sdxl,coco2014_COCO_val2014_000000438505,0,0.37367556472158703,0.35610052689555594,0.017575037826031092
sdxl,coco2014_COCO_val2014_000000079446,0,0.3255094800776438,0.3371252020014898,-0.011615721923846023
sdxl,coco2014_COCO_val2014_000000279806,0,0.3666340571516025,0.3339942635805244,0.0326397935710781
sdxl,coco2014_COCO_val2014_000000289714,0,0.31466073735131234,0.3835128560700396,-0.06885211871872726
sdxl,coco2014_COCO_val2014_000000092624,0,0.42712552194856623,0.4225833963286501,0.004542125619916126
sdxl,coco2014_COCO_val2014_000000417339,0,0.4004428965233914,0.3686288123948896,0.031814084128501785
sdxl,coco2014_COCO_val2014_000000059532,0,0.40264966381672185,0.377740043917452,0.024909619899269875
sdxl,coco2014_COCO_val2014_000000262576,0,0.368236543858727,0.3517525678726655,0.016483975986061494
sdxl,coco2014_COCO_val2014_000000304305,0,0.3175363998667643,0.3624556823667541,-0.04491928249998978
sdxl,coco2014_COCO_val2014_000000068257,0,0.3488826066597188,0.3588129075358794,-0.009930300876160592
sdxl,coco2014_COCO_val2014_000000100510,0,0.39719806043576833,0.3648495674493252,0.032348492986443156
sdxl,coco2014_COCO_val2014_000000397628,0,0.3372080669996602,0.34994690762894987,-0.01273884062928965
sdxl,coco2014_COCO_val2014_000000328818,0,0.4224783279389924,0.377906854016557,0.044571473922435434
sdxl,coco2014_COCO_val2014_000000025138,1,0.30458342078133627,0.3324353380942663,-0.02785191731293002
sdxl,coco2014_COCO_val2014_000000040102,1,0.3509098728285941,0.35592345101666045,-0.005013578188066359
sdxl,coco2014_COCO_val2014_000000059532,1,0.30260223105114836,0.28312071345425577,0.019481517596892595
sdxl,coco2014_COCO_val2014_000000061897,1,0.32988280324354213,0.32769197642401704,0.0021908268195250935
sdxl,coco2014_COCO_val2014_000000064779,1,0.33816497378131377,0.35003582702227504,-0.011870853240961265
sdxl,coco2014_COCO_val2014_000000068005,1,0.3336090375359399,0.35899467369592386,-0.02538563615998396
sdxl,coco2014_COCO_val2014_000000068257,1,0.35479217478218944,0.3383425144014895,0.01644966038069995
sdxl,coco2014_COCO_val2014_000000074591,1,0.295506606042509,0.34834569885980404,-0.05283909281729504
sdxl,coco2014_COCO_val2014_000000078176,1,0.36386295074142505,0.3686542563659846,-0.004791305624559539
sdxl,coco2014_COCO_val2014_000000079446,1,0.3350040042138734,0.33418498528390483,0.0008190189299685513
sdxl,coco2014_COCO_val2014_000000087581,1,0.3939873672861503,0.3635798488306764,0.030407518455473903
sdxl,coco2014_COCO_val2014_000000092624,1,0.3502288971093125,0.35522502545738366,-0.0049961283480711716
sdxl,coco2014_COCO_val2014_000000097967,1,0.3038203676844795,0.3458757617377162,-0.04205539405323672
sdxl,coco2014_COCO_val2014_000000100510,1,0.3816586833398373,0.35449974726195205,0.027158936077885276
sdxl,coco2014_COCO_val2014_000000107839,1,0.311615795317773,0.32835876017570687,-0.016742964857933862
sdxl,coco2014_COCO_val2014_000000112820,1,0.35490965923913875,0.3402429648533647,0.01466669438577406
sdxl,coco2014_COCO_val2014_000000125997,1,0.338460492335489,0.33069503073568257,0.007765461599806456
sdxl,coco2014_COCO_val2014_000000158250,1,0.28661757682496825,0.3261210869819733,-0.03950351015700504
sdxl,coco2014_COCO_val2014_000000172279,1,0.3575534671630882,0.3635730583743648,-0.006019591211276598
sdxl,coco2014_COCO_val2014_000000172553,1,0.3595042922016028,0.3526648991009035,0.006839393100699309
sdxl,coco2014_COCO_val2014_000000176606,1,0.358744977689881,0.36541972571894543,-0.006674748029064426
sdxl,coco2014_COCO_val2014_000000194780,1,0.298515319287389,0.33084385611195366,-0.03232853682456466
sdxl,coco2014_COCO_val2014_000000207239,1,0.29440323451351347,0.30717490433036787,-0.012771669816854403
sdxl,coco2014_COCO_val2014_000000214363,1,0.32601803826903547,0.3199800453671666,0.006037992901868849
sdxl,coco2014_COCO_val2014_000000218855,1,0.35725618709690227,0.3438716104590004,0.01338457663790188
sdxl,coco2014_COCO_val2014_000000228722,1,0.34000386129829663,0.33399214754678475,0.006011713751511882
sdxl,coco2014_COCO_val2014_000000241867,1,0.31262072454702394,0.3410162700291316,-0.028395545482107654
sdxl,coco2014_COCO_val2014_000000249534,1,0.3170676403771361,0.3404705459647753,-0.02340290558763919
sdxl,coco2014_COCO_val2014_000000262576,1,0.2757398787685561,0.299189625008327,-0.02344974623977092
sdxl,coco2014_COCO_val2014_000000263073,1,0.3348335997600607,0.33252236630193266,0.002311233458128059
sdxl,coco2014_COCO_val2014_000000275751,1,0.33769292965181846,0.345544660225184,-0.007851730573365523
sdxl,coco2014_COCO_val2014_000000279806,1,0.3315475879454349,0.3402709115776833,-0.008723323632248425
sdxl,coco2014_COCO_val2014_000000289714,1,0.3384071220449263,0.34319380829716356,-0.004786686252237271
sdxl,coco2014_COCO_val2014_000000293452,1,0.3728431976624183,0.33944667379113463,0.03339652387128367
sdxl,coco2014_COCO_val2014_000000304305,1,0.35653361461540306,0.32340360852630795,0.03313000608909511
sdxl,coco2014_COCO_val2014_000000304964,1,0.3677420488522067,0.33473558726760705,0.03300646158459963
sdxl,coco2014_COCO_val2014_000000313399,1,0.3344035501205096,0.33045278496544317,0.003950765155066427
sdxl,coco2014_COCO_val2014_000000328818,1,0.3320857774483177,0.34079698078045334,-0.008711203332135653
sdxl,coco2014_COCO_val2014_000000341118,1,0.3529635801636414,0.33434052858358965,0.01862305158005173
sdxl,coco2014_COCO_val2014_000000371529,1,0.3310721385462524,0.3222140036192681,0.008858134926984285
sdxl,coco2014_COCO_val2014_000000377427,1,0.3667493128431407,0.3372842881231848,0.029465024719955935
sdxl,coco2014_COCO_val2014_000000389308,1,0.365187980990992,0.3382591215573238,0.026928859433668184
sdxl,coco2014_COCO_val2014_000000389869,1,0.3651984105068252,0.3290676731502857,0.036130737356539544
sdxl,coco2014_COCO_val2014_000000396676,1,0.3659503208368272,0.32772425524356347,0.03822606559326375
sdxl,coco2014_COCO_val2014_000000397628,1,0.34676748540293967,0.33722943446357284,0.009538050939366827
sdxl,coco2014_COCO_val2014_000000417339,1,0.30844325842016845,0.31906196266679443,-0.010618704246625976
sdxl,coco2014_COCO_val2014_000000417373,1,0.3632692896356785,0.33929686469561354,0.023972424940064962
sdxl,coco2014_COCO_val2014_000000438505,1,0.3689117184021087,0.3401251714350372,0.028786546967071502
sdxl,coco2014_COCO_val2014_000000454478,1,0.3387569931680903,0.3399616231798249,-0.0012046300117345976
sdxl,coco2014_COCO_val2014_000000468778,1,0.3467259727341707,0.35000552213563835,-0.0032795494014676296
sdxl,coco2014_COCO_val2014_000000474465,1,0.27915101398721537,0.34004903629234173,-0.060898022305126365
sdxl,coco2014_COCO_val2014_000000482242,1,0.3269722750774738,0.3254838707815465,0.0014884042959272814
sdxl,coco2014_COCO_val2014_000000492271,1,0.3401566351506846,0.34077050440018675,-0.0006138692495021303
sdxl,coco2014_COCO_val2014_000000500316,1,0.35191138046554715,0.3376125113474701,0.01429886911807704
sdxl,coco2014_COCO_val2014_000000508167,1,0.3292346605475348,0.34472986500452985,-0.015495204456995038
sdxl,coco2014_COCO_val2014_000000523517,1,0.3073888723786964,0.33654431070026203,-0.02915543832156564
sdxl,coco2014_COCO_val2014_000000532983,1,0.3708095831707367,0.3435302124710752,0.02727937069966152
sdxl,coco2014_COCO_val2014_000000552979,1,0.27500643213770776,0.3279213147534568,-0.05291488261574906
sdxl,coco2014_COCO_val2014_000000556130,1,0.32101239481502497,0.34984996537652485,-0.02883757056149988
sdxl,coco2014_COCO_val2014_000000579673,1,0.3637461808478006,0.36326145413284594,0.0004847267149546419
pixart_dit,coco2014_COCO_val2014_000000313399,0,0.3887199141709382,0.34877010606216385,0.039949808108774354
pixart_dit,coco2014_COCO_val2014_000000396676,0,0.3466124774259284,0.36948457588801864,-0.022872098462090262
pixart_dit,coco2014_COCO_val2014_000000068005,0,0.391341799637608,0.3669491872381823,0.024392612399425695
pixart_dit,coco2014_COCO_val2014_000000025138,0,0.39323441587200236,0.3628120524006745,0.030422363471327873
pixart_dit,coco2014_COCO_val2014_000000087581,0,0.3431335134584437,0.3817117388100386,-0.03857822535159494
pixart_dit,coco2014_COCO_val2014_000000523517,0,0.3825520707473097,0.38558935932052324,-0.003037288573213559
pixart_dit,coco2014_COCO_val2014_000000107839,0,0.2932638225934414,0.33510251938694424,-0.04183869679350283
pixart_dit,coco2014_COCO_val2014_000000125997,0,0.34975979189142936,0.3556010508858013,-0.005841258994371934
pixart_dit,coco2014_COCO_val2014_000000304964,0,0.35829082337340373,0.3611682435247195,-0.002877420151315757
pixart_dit,coco2014_COCO_val2014_000000474465,0,0.3610462242146956,0.37827541592036196,-0.017229191705666336
pixart_dit,coco2014_COCO_val2014_000000214363,0,0.35841982700353764,0.35624564606615644,0.0021741809373811982
pixart_dit,coco2014_COCO_val2014_000000207239,0,0.313120158460594,0.3648374935947736,-0.05171733513417959
pixart_dit,coco2014_COCO_val2014_000000552979,0,0.4218261929806056,0.3691767031509506,0.052649489829655005
pixart_dit,coco2014_COCO_val2014_000000482242,0,0.4049504888108307,0.37012425273032545,0.034826236080505224
pixart_dit,coco2014_COCO_val2014_000000061897,0,0.37467970522497396,0.375120019191972,-0.0004403139669980627
pixart_dit,coco2014_COCO_val2014_000000263073,0,0.3238969400891511,0.3455865947607212,-0.02168965467157008
pixart_dit,coco2014_COCO_val2014_000000275751,0,0.36090868102633944,0.3576577316418041,0.003250949384535351
pixart_dit,coco2014_COCO_val2014_000000112820,0,0.3691429071547499,0.368766710998062,0.0003761961566878802
pixart_dit,coco2014_COCO_val2014_000000492271,0,0.3552646034481938,0.3669065443282884,-0.01164194088009457
pixart_dit,coco2014_COCO_val2014_000000097967,0,0.34079913033315595,0.36723863568129916,-0.02643950534814321
pixart_dit,coco2014_COCO_val2014_000000064779,0,0.34976655174014626,0.3591138494165616,-0.009347297676415345
pixart_dit,coco2014_COCO_val2014_000000532983,0,0.3831958479636115,0.3690575686612689,0.014138279302342627
pixart_dit,coco2014_COCO_val2014_000000454478,0,0.37776742037063643,0.37305778552975444,0.004709634840881993
pixart_dit,coco2014_COCO_val2014_000000241867,0,0.3430724746784484,0.34490845663614667,-0.0018359819576982406
pixart_dit,coco2014_COCO_val2014_000000172279,0,0.3808673440221762,0.3778863891607112,0.0029809548614649906
pixart_dit,coco2014_COCO_val2014_000000417373,0,0.3969136837250907,0.36630462921205253,0.030609054513038192
pixart_dit,coco2014_COCO_val2014_000000249534,0,0.4058651460976169,0.36070906396617153,0.045156082131445396
pixart_dit,coco2014_COCO_val2014_000000078176,0,0.34597698740428984,0.34896930441373564,-0.0029923170094457996
pixart_dit,coco2014_COCO_val2014_000000371529,0,0.357461897729871,0.3628054179084794,-0.005343520178608396
pixart_dit,coco2014_COCO_val2014_000000389869,0,0.3921226996471367,0.38256341242190783,0.009559287225228863
pixart_dit,coco2014_COCO_val2014_000000074591,0,0.4048120266577138,0.3844106023481915,0.020401424309522298
pixart_dit,coco2014_COCO_val2014_000000468778,0,0.39628564580199516,0.3726811435007662,0.023604502301228958
pixart_dit,coco2014_COCO_val2014_000000218855,0,0.3709590992384939,0.3666003938338453,0.004358705404648611
pixart_dit,coco2014_COCO_val2014_000000556130,0,0.344277384836023,0.37384562842475866,-0.029568243588735665
pixart_dit,coco2014_COCO_val2014_000000040102,0,0.3757022273800722,0.4068440952768717,-0.031141867896799513
pixart_dit,coco2014_COCO_val2014_000000341118,0,0.3261183369979882,0.3243218719437905,0.0017964650541977267
pixart_dit,coco2014_COCO_val2014_000000228722,0,0.3803242481672052,0.3594473878649547,0.0208768603022505
pixart_dit,coco2014_COCO_val2014_000000579673,0,0.33363852679862316,0.34518508724932356,-0.011546560450700405
pixart_dit,coco2014_COCO_val2014_000000508167,0,0.3077490259906033,0.3129830695348904,-0.005234043544287137
pixart_dit,coco2014_COCO_val2014_000000377427,0,0.38598435026640054,0.37075405556224217,0.015230294704158376
pixart_dit,coco2014_COCO_val2014_000000293452,0,0.37444781446258923,0.3818369801154648,-0.007389165652875562
pixart_dit,coco2014_COCO_val2014_000000176606,0,0.381856726486423,0.38924650234968083,-0.007389775863257841
pixart_dit,coco2014_COCO_val2014_000000158250,0,0.3293024318627667,0.3590391897725592,-0.02973675790979252
pixart_dit,coco2014_COCO_val2014_000000194780,0,0.3778176050037016,0.34935316586337856,0.02846443914032304
pixart_dit,coco2014_COCO_val2014_000000389308,0,0.36643826217051234,0.35522073040350477,0.011217531767007571
pixart_dit,coco2014_COCO_val2014_000000172553,0,0.3147702659611481,0.35239794305837635,-0.03762767709722825
pixart_dit,coco2014_COCO_val2014_000000500316,0,0.3725785667391021,0.3875858992269917,-0.015007332487889602
pixart_dit,coco2014_COCO_val2014_000000438505,0,0.37367556472158703,0.35915620848740615,0.01451935623418088
pixart_dit,coco2014_COCO_val2014_000000079446,0,0.3255094800776438,0.33844265011559826,-0.012933170037954467
pixart_dit,coco2014_COCO_val2014_000000279806,0,0.3666340571516025,0.3413483361129549,0.025285721038647624
pixart_dit,coco2014_COCO_val2014_000000289714,0,0.31466073735131234,0.37429401126337825,-0.05963327391206591
pixart_dit,coco2014_COCO_val2014_000000092624,0,0.42712552194856623,0.407813839929258,0.01931168201930822
pixart_dit,coco2014_COCO_val2014_000000417339,0,0.4004428965233914,0.3699487951561319,0.030494101367259496
pixart_dit,coco2014_COCO_val2014_000000059532,0,0.40264966381672185,0.373884624648103,0.028765039168618833
pixart_dit,coco2014_COCO_val2014_000000262576,0,0.368236543858727,0.3521754452573698,0.016061098601357182
pixart_dit,coco2014_COCO_val2014_000000304305,0,0.3175363998667643,0.36613633980377025,-0.048599939937005954
pixart_dit,coco2014_COCO_val2014_000000068257,0,0.3488826066597188,0.36242910673292356,-0.013546500073204737
pixart_dit,coco2014_COCO_val2014_000000100510,0,0.39719806043576833,0.3535542081778212,0.04364385225794715
pixart_dit,coco2014_COCO_val2014_000000397628,0,0.3372080669996602,0.3534773507639807,-0.016269283764320464
pixart_dit,coco2014_COCO_val2014_000000328818,0,0.4224783279389924,0.3772730388482707,0.045205289090721745
pixart_dit,coco2014_COCO_val2014_000000025138,1,0.34052023262765696,0.3349139155114192,0.005606317116237769
pixart_dit,coco2014_COCO_val2014_000000040102,1,0.35513763824185707,0.36368403184478243,-0.008546393602925362
pixart_dit,coco2014_COCO_val2014_000000059532,1,0.3325242064725508,0.3472833530051563,-0.01475914653260546
pixart_dit,coco2014_COCO_val2014_000000061897,1,0.3740651191700381,0.35312268232535143,0.020942436844686663
pixart_dit,coco2014_COCO_val2014_000000064779,1,0.34494742335853107,0.34447158168966413,0.0004758416688669387
pixart_dit,coco2014_COCO_val2014_000000068005,1,0.34092042251845606,0.3499794920892937,-0.00905906957083763
pixart_dit,coco2014_COCO_val2014_000000068257,1,0.3318127010951769,0.3557250038707766,-0.023912302775599692
pixart_dit,coco2014_COCO_val2014_000000074591,1,0.36347641103635414,0.3627628291462029,0.0007135818901512492
pixart_dit,coco2014_COCO_val2014_000000078176,1,0.4045460610698652,0.3791746439255273,0.025371417144337882
pixart_dit,coco2014_COCO_val2014_000000079446,1,0.2995982833825045,0.33091816859358786,-0.031319885211083365
pixart_dit,coco2014_COCO_val2014_000000087581,1,0.3857982126715607,0.34955624887407916,0.03624196379748157
pixart_dit,coco2014_COCO_val2014_000000092624,1,0.3605934106825484,0.3788016617552469,-0.018208251072698467
pixart_dit,coco2014_COCO_val2014_000000097967,1,0.3048481910850018,0.3457613902145938,-0.040913199129592015
pixart_dit,coco2014_COCO_val2014_000000100510,1,0.3629012568095378,0.34144313490710554,0.021458121902432237
pixart_dit,coco2014_COCO_val2014_000000107839,1,0.28190149078185844,0.3373454558255938,-0.05544396504373533
pixart_dit,coco2014_COCO_val2014_000000112820,1,0.3726041262831364,0.3616113272995404,0.010992798983596008
pixart_dit,coco2014_COCO_val2014_000000125997,1,0.35603689225312024,0.348170332144078,0.007866560109042242
pixart_dit,coco2014_COCO_val2014_000000158250,1,0.31646711049951654,0.3432636960001689,-0.026796585500652392
pixart_dit,coco2014_COCO_val2014_000000172279,1,0.3080950707229287,0.3386546741311808,-0.03055960340825209
pixart_dit,coco2014_COCO_val2014_000000172553,1,0.3350450080453967,0.37093676749448706,-0.035891759449090344
pixart_dit,coco2014_COCO_val2014_000000176606,1,0.35285444823700873,0.3778963966448203,-0.025041948407811543
pixart_dit,coco2014_COCO_val2014_000000194780,1,0.35541111883743304,0.33562574310839816,0.019785375729034882
pixart_dit,coco2014_COCO_val2014_000000207239,1,0.34982959007505426,0.33710584055300175,0.012723749522052519
pixart_dit,coco2014_COCO_val2014_000000214363,1,0.3379522905885046,0.3524345364596335,-0.014482245871128896
pixart_dit,coco2014_COCO_val2014_000000218855,1,0.3526357896151311,0.3411188477823476,0.011516941832783512
pixart_dit,coco2014_COCO_val2014_000000228722,1,0.36133407771514353,0.3493509085630298,0.011983169152113726
pixart_dit,coco2014_COCO_val2014_000000241867,1,0.3330752154314946,0.34630024720551905,-0.013225031774024454
pixart_dit,coco2014_COCO_val2014_000000249534,1,0.3146304455343394,0.3510167045149606,-0.0363862589806212
pixart_dit,coco2014_COCO_val2014_000000262576,1,0.35263775546182285,0.33628793554394826,0.016349819917874597
pixart_dit,coco2014_COCO_val2014_000000263073,1,0.353704317554785,0.3487429907158114,0.004961326838973601
pixart_dit,coco2014_COCO_val2014_000000275751,1,0.3407725903673541,0.35629452951165436,-0.015521939144300279
pixart_dit,coco2014_COCO_val2014_000000279806,1,0.3250167490427292,0.3469442031751674,-0.021927454132438184
pixart_dit,coco2014_COCO_val2014_000000289714,1,0.33463096695926375,0.33042378232116243,0.0042071846381013245
pixart_dit,coco2014_COCO_val2014_000000293452,1,0.37408171432672976,0.36646374827867256,0.007617966048057201
pixart_dit,coco2014_COCO_val2014_000000304305,1,0.38969179703247303,0.347769707107633,0.041922089924840034
pixart_dit,coco2014_COCO_val2014_000000304964,1,0.3390474172423844,0.34527506137057895,-0.006227644128194543
pixart_dit,coco2014_COCO_val2014_000000313399,1,0.35773739359629636,0.3434546825352907,0.014282711061005648
pixart_dit,coco2014_COCO_val2014_000000328818,1,0.32901324089100564,0.3462212577621318,-0.017208016871126164
pixart_dit,coco2014_COCO_val2014_000000341118,1,0.3364832316092956,0.3337489955837628,0.002734236025532799
pixart_dit,coco2014_COCO_val2014_000000371529,1,0.34580866436768903,0.33709326053333727,0.008715403834351765
pixart_dit,coco2014_COCO_val2014_000000377427,1,0.33693453068389145,0.355147312364117,-0.018212781680225554
pixart_dit,coco2014_COCO_val2014_000000389308,1,0.34317580777618284,0.35705181070962033,-0.013876002933437492
pixart_dit,coco2014_COCO_val2014_000000389869,1,0.39442179559504287,0.3563944783604007,0.038027317234642144
pixart_dit,coco2014_COCO_val2014_000000396676,1,0.37349789813901096,0.36280145464048,0.010696443498530939
pixart_dit,coco2014_COCO_val2014_000000397628,1,0.3537524553487626,0.3609695188560342,-0.007217063507271582
pixart_dit,coco2014_COCO_val2014_000000417339,1,0.34471917599983115,0.345552204985108,-0.0008330289852768735
pixart_dit,coco2014_COCO_val2014_000000417373,1,0.37679765804411003,0.3472787809876479,0.02951887705646211
pixart_dit,coco2014_COCO_val2014_000000438505,1,0.3388582136234966,0.3561984654867462,-0.01734025186324961
pixart_dit,coco2014_COCO_val2014_000000454478,1,0.3731107191622794,0.3441065107344884,0.029004208427791
pixart_dit,coco2014_COCO_val2014_000000468778,1,0.3619550298887786,0.34532327415529324,0.016631755733485354
pixart_dit,coco2014_COCO_val2014_000000474465,1,0.3250720818829865,0.3399691518028888,-0.014897069919902306
pixart_dit,coco2014_COCO_val2014_000000482242,1,0.3747888535854994,0.3332734561875735,0.041515397397925924
pixart_dit,coco2014_COCO_val2014_000000492271,1,0.3624675148842497,0.3638242712126806,-0.001356756328430908
pixart_dit,coco2014_COCO_val2014_000000500316,1,0.3429487369730995,0.3555457390177789,-0.012597002044679395
pixart_dit,coco2014_COCO_val2014_000000508167,1,0.32453903247747146,0.33619626677267866,-0.011657234295207208
pixart_dit,coco2014_COCO_val2014_000000523517,1,0.32017791896722975,0.3435665873865278,-0.023388668419298042
pixart_dit,coco2014_COCO_val2014_000000532983,1,0.34999437199144595,0.34668540924742824,0.003308962744017707
pixart_dit,coco2014_COCO_val2014_000000552979,1,0.3616020051960123,0.3173196450911585,0.04428236010485381
pixart_dit,coco2014_COCO_val2014_000000556130,1,0.34841126139117734,0.34252039693584163,0.005890864455335709
pixart_dit,coco2014_COCO_val2014_000000579673,1,0.33706686139704894,0.33203722361559,0.005029637781458929
amused,coco2014_COCO_val2014_000000313399,0,0.3887199141709382,0.3606592053248501,0.028060708846088134
amused,coco2014_COCO_val2014_000000313399,1,0.36472186894503617,0.35345314040043635,0.011268728544599815
amused,coco2014_COCO_val2014_000000396676,0,0.3466124774259284,0.37348444636925676,-0.026871968943328384
amused,coco2014_COCO_val2014_000000396676,1,0.3575648643264882,0.3597003505289346,-0.0021354862024464127
amused,coco2014_COCO_val2014_000000068005,0,0.391341799637608,0.36961286945672134,0.021728930180886674
amused,coco2014_COCO_val2014_000000068005,1,0.31551647298848806,0.35138645694180504,-0.035869983953316975
amused,coco2014_COCO_val2014_000000025138,0,0.39323441587200236,0.36411978194297673,0.029114633929025635
amused,coco2014_COCO_val2014_000000025138,1,0.33385457565117405,0.35945436351905924,-0.025599787867885193
amused,coco2014_COCO_val2014_000000087581,0,0.3431335134584437,0.3774812751358926,-0.03434776167744891
amused,coco2014_COCO_val2014_000000087581,1,0.3281890652422594,0.3531698383536793,-0.02498077311141994
amused,coco2014_COCO_val2014_000000523517,0,0.3825520707473097,0.38052100072346023,0.002031070023849446
amused,coco2014_COCO_val2014_000000523517,1,0.39416633689453956,0.35345693492750235,0.040709401967037206
amused,coco2014_COCO_val2014_000000107839,0,0.2932638225934414,0.34757574196437674,-0.054311919370935324
amused,coco2014_COCO_val2014_000000107839,1,0.3395242495674967,0.3576187255956385,-0.018094476028141793
amused,coco2014_COCO_val2014_000000125997,0,0.34975979189142936,0.36327708596449587,-0.01351729407306651
amused,coco2014_COCO_val2014_000000125997,1,0.3915308265858145,0.34865158393313955,0.042879242652674954
amused,coco2014_COCO_val2014_000000304964,0,0.35829082337340373,0.3642689567024599,-0.005978133329056168
amused,coco2014_COCO_val2014_000000304964,1,0.3945535340073739,0.35355038771356223,0.04100314629381169
amused,coco2014_COCO_val2014_000000474465,0,0.3610462242146956,0.372228800246612,-0.011182576031916358
amused,coco2014_COCO_val2014_000000474465,1,0.39748530691732104,0.34987641801286246,0.04760888890445858
amused,coco2014_COCO_val2014_000000214363,0,0.35841982700353764,0.3610339179852386,-0.002614090981700956
amused,coco2014_COCO_val2014_000000214363,1,0.3577018858178205,0.35689738268750165,0.0008045031303188233
amused,coco2014_COCO_val2014_000000207239,0,0.313120158460594,0.37050124038899135,-0.05738108192839736
amused,coco2014_COCO_val2014_000000207239,1,0.35332549646731237,0.35779162598342545,-0.004466129516113082
amused,coco2014_COCO_val2014_000000552979,0,0.4218261929806056,0.3682411187922505,0.053585074188355064
amused,coco2014_COCO_val2014_000000552979,1,0.3677356720749659,0.3547827202273731,0.012952951847592764
amused,coco2014_COCO_val2014_000000482242,0,0.4049504888108307,0.3728937410663688,0.03205674774446188
amused,coco2014_COCO_val2014_000000482242,1,0.3156557898116027,0.35111378650913455,-0.03545799669753186
amused,coco2014_COCO_val2014_000000061897,0,0.37467970522497396,0.37446906607563285,0.0002106391493411075
amused,coco2014_COCO_val2014_000000061897,1,0.39907010959022376,0.35042726461896356,0.0486428449712602
amused,coco2014_COCO_val2014_000000263073,0,0.3238969400891511,0.3523869653400805,-0.02849002525092942
amused,coco2014_COCO_val2014_000000263073,1,0.37156701990620306,0.35411749131185355,0.017449528594349506
amused,coco2014_COCO_val2014_000000275751,0,0.36090868102633944,0.3654545981757455,-0.0045459171494060535
amused,coco2014_COCO_val2014_000000275751,1,0.35031265755983615,0.3555753999966075,-0.005262742436771328
amused,coco2014_COCO_val2014_000000112820,0,0.3691429071547499,0.368989577573202,0.00015332958154790077
amused,coco2014_COCO_val2014_000000112820,1,0.3850444204088764,0.3602894577331308,0.024754962675745562
amused,coco2014_COCO_val2014_000000492271,0,0.3552646034481938,0.37033766466365065,-0.015073061215456818
amused,coco2014_COCO_val2014_000000492271,1,0.3124257302924239,0.3635120080271469,-0.05108627773472302
amused,coco2014_COCO_val2014_000000097967,0,0.34079913033315595,0.3713462599065762,-0.030547129573420262
amused,coco2014_COCO_val2014_000000097967,1,0.34077292290785044,0.35058191151943807,-0.009808988611587632
amused,coco2014_COCO_val2014_000000064779,0,0.34976655174014626,0.36987844336625136,-0.020111891626105105
amused,coco2014_COCO_val2014_000000064779,1,0.3443547535284489,0.35469113233690763,-0.010336378808458724
amused,coco2014_COCO_val2014_000000532983,0,0.3831958479636115,0.372973726598873,0.01022212136473849
amused,coco2014_COCO_val2014_000000532983,1,0.3931726919189523,0.3562075110040087,0.03696518091494361
amused,coco2014_COCO_val2014_000000454478,0,0.37776742037063643,0.374601603189085,0.0031658171815514558
amused,coco2014_COCO_val2014_000000454478,1,0.3988359198240034,0.3561284241350284,0.04270749568897503
amused,coco2014_COCO_val2014_000000241867,0,0.3430724746784484,0.3559449652391221,-0.012872490560673688
amused,coco2014_COCO_val2014_000000241867,1,0.3521056525806947,0.3558013821489784,-0.003695729568283679
amused,coco2014_COCO_val2014_000000172279,0,0.3808673440221762,0.38240316282285636,-0.0015358188006801554
amused,coco2014_COCO_val2014_000000172279,1,0.324440162624167,0.35233646900971227,-0.0278963063855453
amused,coco2014_COCO_val2014_000000417373,0,0.3969136837250907,0.37079440842075867,0.026119275304332057
amused,coco2014_COCO_val2014_000000417373,1,0.3960336915983187,0.3574179338770708,0.03861575772124787
amused,coco2014_COCO_val2014_000000249534,0,0.4058651460976169,0.3691607286815587,0.03670441741605823
amused,coco2014_COCO_val2014_000000249534,1,0.31182679607409886,0.35473750251691094,-0.042910706442812085
amused,coco2014_COCO_val2014_000000078176,0,0.34597698740428984,0.36219746333541386,-0.016220475931124023
amused,coco2014_COCO_val2014_000000078176,1,0.35137320916117853,0.3571139751828208,-0.005740766021642252
amused,coco2014_COCO_val2014_000000371529,0,0.357461897729871,0.3689363851919732,-0.011474487462102168
amused,coco2014_COCO_val2014_000000371529,1,0.3451640738953563,0.35291418349404363,-0.007750109598687327
amused,coco2014_COCO_val2014_000000389869,0,0.3921226996471367,0.3783875774590643,0.01373512218807238
amused,coco2014_COCO_val2014_000000389869,1,0.3878928259746718,0.355692013822435,0.0322008121522368
amused,coco2014_COCO_val2014_000000074591,0,0.4048120266577138,0.3777876572472582,0.027024369410455606
amused,coco2014_COCO_val2014_000000074591,1,0.3334004292779492,0.35325729322234584,-0.01985686394439662
amused,coco2014_COCO_val2014_000000468778,0,0.39628564580199516,0.37580938839024147,0.020476257411753684
amused,coco2014_COCO_val2014_000000468778,1,0.3943590355787181,0.3552572373926255,0.03910179818609261
amused,coco2014_COCO_val2014_000000218855,0,0.3709590992384939,0.37038259711066357,0.0005765021278303362
amused,coco2014_COCO_val2014_000000218855,1,0.40052939810419125,0.35046726542140616,0.05006213268278509
amused,coco2014_COCO_val2014_000000556130,0,0.344277384836023,0.37287376982490483,-0.02859638498888184
amused,coco2014_COCO_val2014_000000556130,1,0.3570033515666597,0.3603400818833205,-0.0033367303166608187
amused,coco2014_COCO_val2014_000000040102,0,0.3757022273800722,0.3968499643773364,-0.021147736997264188
amused,coco2014_COCO_val2014_000000040102,1,0.34149412119270334,0.35422040739985017,-0.01272628620714683
amused,coco2014_COCO_val2014_000000341118,0,0.3261183369979882,0.3290484609077961,-0.0029301239098079024
amused,coco2014_COCO_val2014_000000341118,1,0.3695910974717507,0.3554991000429139,0.014091997428836767
amused,coco2014_COCO_val2014_000000228722,0,0.3803242481672052,0.36652275540622253,0.013801492760982692
amused,coco2014_COCO_val2014_000000228722,1,0.3728682730661585,0.3645630029870396,0.00830527007911891
amused,coco2014_COCO_val2014_000000579673,0,0.33363852679862316,0.3574699066504282,-0.023831379851805057
amused,coco2014_COCO_val2014_000000579673,1,0.3427111179594965,0.35207734121615303,-0.009366223256656536
amused,coco2014_COCO_val2014_000000508167,0,0.3077490259906033,0.33044556806573777,-0.022696542075134496
amused,coco2014_COCO_val2014_000000508167,1,0.3150368870811505,0.35875326961937676,-0.04371638253822624
amused,coco2014_COCO_val2014_000000377427,0,0.38598435026640054,0.3746871226796663,0.011297227586734238
amused,coco2014_COCO_val2014_000000377427,1,0.333698232911149,0.3598418801313744,-0.02614364722022544
amused,coco2014_COCO_val2014_000000293452,0,0.37444781446258923,0.3761473416802301,-0.0016995272176408838
amused,coco2014_COCO_val2014_000000293452,1,0.3428271547097301,0.3559253736100802,-0.013098218900350123
amused,coco2014_COCO_val2014_000000176606,0,0.381856726486423,0.3832599528702416,-0.0014032263838186232
amused,coco2014_COCO_val2014_000000176606,1,0.3679325358254803,0.3641051746863409,0.003827361139139396
amused,coco2014_COCO_val2014_000000158250,0,0.3293024318627667,0.3673468181664521,-0.038044386303685396
amused,coco2014_COCO_val2014_000000158250,1,0.3237251484648593,0.35652461668784735,-0.03279946822298807
amused,coco2014_COCO_val2014_000000194780,0,0.3778176050037016,0.3607993509507988,0.017018254052902804
amused,coco2014_COCO_val2014_000000194780,1,0.3702390654798323,0.3515878080290561,0.018651257450776226
amused,coco2014_COCO_val2014_000000389308,0,0.36643826217051234,0.36417242658451066,0.0022658355860016854
amused,coco2014_COCO_val2014_000000389308,1,0.37332542619416254,0.35161133973396136,0.021714086460201176
amused,coco2014_COCO_val2014_000000172553,0,0.3147702659611481,0.36506874665674666,-0.05029848069559856
amused,coco2014_COCO_val2014_000000172553,1,0.3374553556487657,0.3608934275040745,-0.023438071855308773
amused,coco2014_COCO_val2014_000000500316,0,0.3725785667391021,0.3809849896802527,-0.008406422941150571
amused,coco2014_COCO_val2014_000000500316,1,0.3675403915008487,0.35699953090799746,0.010540860592851253
amused,coco2014_COCO_val2014_000000438505,0,0.37367556472158703,0.3647603053278857,0.008915259393701302
amused,coco2014_COCO_val2014_000000438505,1,0.3521886173006168,0.35716607999097805,-0.004977462690361256
amused,coco2014_COCO_val2014_000000079446,0,0.3255094800776438,0.34813310561933125,-0.022623625541687453
amused,coco2014_COCO_val2014_000000079446,1,0.3160001526808829,0.3527912771586762,-0.03679112447779331
amused,coco2014_COCO_val2014_000000279806,0,0.3666340571516025,0.36147081596603636,0.005163241185566159
amused,coco2014_COCO_val2014_000000279806,1,0.3373463588514848,0.36244876000137466,-0.025102401149889875
amused,coco2014_COCO_val2014_000000289714,0,0.31466073735131234,0.3799190250438649,-0.06525828769255254
amused,coco2014_COCO_val2014_000000289714,1,0.37247553005628403,0.35235304545668134,0.020122484599602697
amused,coco2014_COCO_val2014_000000092624,0,0.42712552194856623,0.3903261842333772,0.03679933771518901
amused,coco2014_COCO_val2014_000000092624,1,0.36332396074576434,0.35259035106666203,0.010733609679102307
amused,coco2014_COCO_val2014_000000417339,0,0.4004428965233914,0.37447191084056375,0.02597098568282763
amused,coco2014_COCO_val2014_000000417339,1,0.3029742577509025,0.3534478134183144,-0.05047355566741191
amused,coco2014_COCO_val2014_000000059532,0,0.40264966381672185,0.3730156915583457,0.029633972258376162
amused,coco2014_COCO_val2014_000000059532,1,0.4082528113620661,0.3516249140018438,0.05662789736022228
amused,coco2014_COCO_val2014_000000262576,0,0.368236543858727,0.35496781790936843,0.013268725949358573
amused,coco2014_COCO_val2014_000000262576,1,0.3561720876009889,0.34812478676685593,0.008047300834132964
amused,coco2014_COCO_val2014_000000304305,0,0.3175363998667643,0.3703939432650453,-0.052857543398281026
amused,coco2014_COCO_val2014_000000304305,1,0.38208462954389166,0.3620819474593962,0.02000268208449546
amused,coco2014_COCO_val2014_000000068257,0,0.3488826066597188,0.36954989271604466,-0.02066728605632584
amused,coco2014_COCO_val2014_000000068257,1,0.3531463492286285,0.3585278063550315,-0.005381457126403033
amused,coco2014_COCO_val2014_000000100510,0,0.39719806043576833,0.3520822075243367,0.04511585291143161
amused,coco2014_COCO_val2014_000000100510,1,0.36407205653743024,0.35919251969122246,0.004879536846207788
amused,coco2014_COCO_val2014_000000397628,0,0.3372080669996602,0.3638084276924622,-0.026600360692801972
amused,coco2014_COCO_val2014_000000397628,1,0.4043455238178054,0.3585329591061302,0.04581256471167522
amused,coco2014_COCO_val2014_000000328818,0,0.4224783279389924,0.37823667034789693,0.044241657591095496
amused,coco2014_COCO_val2014_000000328818,1,0.3670269047689153,0.3269708616596927,0.04005604310922262
